ID,Area,AreaReal,Perimeter,BoundingBox_1,BoundingBox_2,BoundingBox_3,BoundingBox_4,BoundingBoxArea,BoundingBoxAreaReal,Diameter,DiameterReal,Centroid_1,Centroid_2
6,31,0.00177000139011243,36,294,2,305,4,22,0.00125613001878947,11.1803398874989,0.0844813729734881,299.5,3
7,62,0.00354000278022486,68,355,2,377,4,44,0.00251226003757893,22.0907220343745,0.166922879466872,366,3
29,34,0.00194129184722009,50,287,21,292,31,50,0.00285484095179424,10.770329614269,0.0813832354245188,289.5,26
34,42,0.00239806639950716,48,382,26,394,31,60,0.00342580914215309,12.1655250605964,0.0919256722429102,388,28.5
54,34,0.00194129184722009,56,273,32,283,37,50,0.00285484095179424,10.1980390271856,0.0770588682744045,278,34.5
65,47,0.00268355049468659,62,196,35,202,48,78,0.00445355188479902,13.6014705087354,0.102776026006256,199,41.5
83,100,0.00570968190358849,144,374,37,394,50,260,0.0148451729493301,20.6155281280883,0.155775954788443,384,43.5
88,89,0.00508161689419375,90,636,44,646,62,180,0.0102774274264593,18.4390889145858,0.139330249666757,641,53
91,35,0.00199838866625597,42,746,45,750,55,40,0.00228387276143539,10.4403065089106,0.0788895004098229,748,50
102,40,0.00228387276143539,58,698,49,708,55,60,0.00342580914215309,10.295630140987,0.0777962905144185,703,52
113,41,0.00234096958047128,76,366,52,373,62,70,0.00399677733251194,10.770329614269,0.0813832354245188,369.5,57
117,33,0.0018841950281842,50,72,54,79,63,63,0.00359709959926075,10,0.0755624371204932,75.5,58.5
127,124,0.00708000556044972,118,703,58,716,75,221,0.0126183970069306,19.723082923316,0.149032421321534,709.5,66.5
136,73,0.0041680677896196,88,666,50,675,67,153,0.00873581331249038,18.0277563773199,0.136222120768481,670.5,58.5
157,32,0.00182709820914832,48,424,67,431,76,63,0.00359709959926075,10.816653826392,0.0817332724610885,427.5,71.5
162,87,0.00496742325612198,76,247,69,260,81,156,0.00890710376959804,17.6918060129541,0.133683597940181,253.5,75
170,82,0.00468193916094256,100,395,70,403,89,152,0.0086787164934545,19.9248588451713,0.150557089362296,399,79.5
174,35,0.00199838866625597,66,117,67,126,76,81,0.00462484234190667,12.0415945787923,0.0909892233190465,121.5,71.5
192,72,0.00411097097058371,82,672,74,680,89,120,0.00685161828430618,16.1245154965971,0.121840768831004,676,81.5
197,138,0.00787936102695211,156,484,66,495,93,297,0.0169577552536578,27.6586333718787,0.208995374500136,489.5,79.5
210,61,0.00348290596118898,82,610,65,617,82,119,0.0067945214652703,18.3847763108502,0.138919850396295,613.5,73.5
225,93,0.00531000417033729,94,262,80,270,97,136,0.00776516738888034,17.2626765016321,0.130440990768599,266,88.5
227,40,0.00228387276143539,64,291,78,299,87,72,0.00411097097058371,11.3137084989848,0.0854891387054125,295,82.5
239,60,0.00342580914215309,80,312,82,327,92,150,0.00856452285538273,17.4928556845359,0.132180280772061,319.5,87
255,46,0.0026264536756507,56,167,87,174,96,63,0.00359709959926075,10.295630140987,0.0777962905144185,170.5,91.5
257,299,0.0170719488917296,308,442,71,467,96,625,0.035685511897428,30.6104557300279,0.231300063632988,454.5,83.5
261,110,0.00628065009394734,114,648,87,659,103,176,0.0100490401503157,16.7630546142402,0.126665726023592,653.5,95
271,86,0.0049103264370861,102,474,85,486,100,180,0.0102774274264593,18.0277563773199,0.136222120768481,480,92.5
274,90,0.00513871371322964,112,307,91,325,101,180,0.0102774274264593,18.4390889145858,0.139330249666757,316,96
282,62,0.00354000278022486,116,626,83,642,96,208,0.0118761383594641,19.8494332412792,0.149987155117159,634,89.5
290,97,0.00553839144648083,96,663,89,674,107,198,0.0113051701691052,19.723082923316,0.149032421321534,668.5,98
312,119,0.0067945214652703,130,218,83,236,102,342,0.0195271121102726,24.2074368738204,0.182917292662636,227,92.5
318,57,0.00325451868504544,84,617,100,623,116,96,0.00548129462744495,16.1245154965971,0.121840768831004,620,108
320,163,0.00930678150284923,152,177,101,191,122,294,0.0167864647965501,21.4009345590327,0.16171067719367,184,111.5
322,64,0.00365419641829663,100,252,101,265,111,130,0.00742258647466503,14.8660687473185,0.112331638494818,258.5,106
343,34,0.00194129184722009,44,412,102,416,112,40,0.00228387276143539,10,0.0755624371204932,414,107
350,36,0.00205548548529186,60,393,106,402,115,81,0.00462484234190667,12.7279220613579,0.0961752810435891,397.5,110.5
353,43,0.00245516321854305,80,738,99,745,111,84,0.00479613279901433,13,0.0982311682566411,741.5,105
360,48,0.00274064731372247,92,108,109,115,125,112,0.0063948437320191,16.2788205960997,0.123006735768857,111.5,117
382,54,0.00308322822793778,68,46,114,53,129,105,0.00599516599876791,15.1327459504216,0.114346716433913,49.5,121.5
400,159,0.00907839422670569,204,599,99,617,125,468,0.0267213113087941,27.5136329843952,0.207899716233969,608,112
409,62,0.00354000278022486,110,589,119,598,135,144,0.00822194194116742,16.1245154965971,0.121840768831004,593.5,127
410,45,0.00256935685661482,78,619,115,629,126,110,0.00628065009394734,14.2126704035519,0.107394401368268,624,120.5
412,46,0.0026264536756507,64,508,119,515,129,70,0.00399677733251194,11.1803398874989,0.0844813729734881,511.5,124
425,45,0.00256935685661482,60,251,119,257,129,60,0.00342580914215309,10.770329614269,0.0813832354245188,254,124
427,44,0.00251226003757893,62,685,122,694,132,90,0.00513871371322964,10.6301458127346,0.0803239724556436,689.5,127
436,62,0.00354000278022486,84,696,116,705,134,162,0.00924968468381335,20.1246117974981,0.152066471352279,700.5,125
439,115,0.00656613418912676,102,182,124,195,140,208,0.0118761383594641,19.1049731745428,0.14436183341901,188.5,132
447,86,0.0049103264370861,82,81,125,90,138,117,0.00668032782719853,13.6014705087354,0.102776026006256,85.5,131.5
451,108,0.00616645645587557,122,424,125,434,143,180,0.0102774274264593,18.4390889145858,0.139330249666757,429,134
469,32,0.00182709820914832,40,663,127,669,134,42,0.00239806639950716,7.61577310586391,0.0575466376435785,666,130.5
478,41,0.00234096958047128,66,798,128,805,140,84,0.00479613279901433,13.4164078649987,0.101377647568186,801.5,134
488,71,0.00405387415154783,84,667,129,677,143,140,0.00799355466502388,15.6524758424985,0.118273922162883,672,136
492,52,0.00296903458986601,78,51,130,67,138,128,0.00730839283659326,16.7630546142402,0.126665726023592,59,134
508,238,0.0135890429305406,218,471,116,493,140,528,0.0301471204509472,25.6124969497314,0.19353426902629,482,128
511,111,0.00633774691298322,132,744,133,762,148,270,0.0154161411396889,18.6815416922694,0.141162281943598,753,140.5
513,68,0.00388258369444017,94,777,118,784,136,126,0.00719419919852149,18.2482875908947,0.137888508364365,780.5,127
517,271,0.0154732379587248,276,626,105,653,139,918,0.0524148798749423,36.7695526217005,0.277839700792591,639.5,122
526,58,0.00331161550408132,58,158,134,164,146,72,0.00411097097058371,12.6491106406735,0.0955797627416054,161,140
536,31,0.00177000139011243,66,140,138,147,148,70,0.00399677733251194,12.2065556157337,0.0922357091171681,143.5,143
562,32,0.00182709820914832,52,319,142,325,152,60,0.00342580914215309,10.1980390271856,0.0770588682744045,322,147
563,86,0.0049103264370861,114,367,130,375,148,144,0.00822194194116742,18.1107702762748,0.136849394020471,371,139
568,88,0.00502452007515787,104,686,142,699,158,208,0.0118761383594641,16.5529453572468,0.125078089271592,692.5,150
573,48,0.00274064731372247,62,300,143,308,156,104,0.00593806917973203,14.3178210632764,0.108188945379629,304,149.5
577,30,0.00171290457107655,44,705,143,709,152,36,0.00205548548529186,9.48683298050514,0.0716848220562041,707,147.5
591,205,0.0117048479023564,194,512,145,528,166,336,0.0191845311960573,23.3238075793812,0.176240374362747,520,155.5
592,203,0.0115906542642846,168,547,139,561,166,378,0.0215825975955645,28.4604989415154,0.215054466168612,554,152.5
605,49,0.00279774413275836,64,79,145,87,155,80,0.00456774552287079,10.770329614269,0.0813832354245188,83,150
621,41,0.00234096958047128,72,900,148,908,161,104,0.00593806917973203,14.7648230602334,0.111566601408409,904,154.5
624,30,0.00171290457107655,62,437,149,442,159,50,0.00285484095179424,11.1803398874989,0.0844813729734881,439.5,154
627,48,0.00274064731372247,86,451,149,458,161,84,0.00479613279901433,12.6491106406735,0.0955797627416054,454.5,155
649,109,0.00622355327491145,128,140,151,154,168,238,0.0135890429305406,17.8885438199983,0.135170196757581,147,159.5
656,408,0.023295502166641,344,380,121,407,169,1296,0.0739974774705068,49.2442890089805,0.372101849178448,393.5,145
667,122,0.00696581192237795,118,709,139,723,159,280,0.0159871093300478,20.3960780543711,0.154117736548809,716,149
676,171,0.00976355605513631,228,589,139,611,162,506,0.0288909904321577,25.4950975679639,0.192647170686011,600,150.5
686,238,0.0135890429305406,240,612,151,631,176,475,0.0271209890420453,25.7099202643649,0.194270423334896,621.5,163.5
702,108,0.00616645645587557,132,179,147,194,164,255,0.0145596888541506,20.8086520466848,0.157235246183984,186.5,155.5
706,49,0.00279774413275836,82,159,157,173,165,112,0.0063948437320191,14.8660687473185,0.112331638494818,166,161
707,53,0.0030261314089019,64,241,158,248,172,98,0.00559548826551672,14.8660687473185,0.112331638494818,244.5,165
721,75,0.00428226142769136,90,930,156,942,172,192,0.0109625892548899,19.4164878389476,0.14671571414313,936,164
743,204,0.0116477510833205,238,478,143,500,167,528,0.0301471204509472,25.9422435421457,0.19602591464179,489,155
747,62,0.00354000278022486,50,97,163,105,173,80,0.00456774552287079,10.770329614269,0.0813832354245188,101,168
753,248,0.0141600111208994,270,801,154,823,180,572,0.0326593804885261,28.6356421265527,0.216377890759258,812,167
768,279,0.0159300125110119,278,637,150,663,177,702,0.0400819669631912,27.7848879788996,0.209949385080555,650,163.5
770,33,0.0018841950281842,56,74,166,82,175,72,0.00411097097058371,10.816653826392,0.0817332724610885,78,170.5
776,46,0.0026264536756507,74,676,165,684,176,88,0.00502452007515787,12.2065556157337,0.0922357091171681,680,170.5
782,31,0.00177000139011243,58,235,167,242,175,56,0.00319742186600955,10.6301458127346,0.0803239724556436,238.5,171
788,197,0.0112480733500693,218,759,153,780,178,525,0.0299758299938396,27.6586333718787,0.208995374500136,769.5,165.5
806,188,0.0107342019787464,176,689,168,707,188,360,0.0205548548529186,22.8035085019828,0.17230886773077,698,178
808,142,0.00810774830309565,130,323,169,336,190,273,0.0155874315967966,22.8254244210267,0.17247446975624,329.5,179.5
816,37,0.00211258230432774,78,531,171,540,181,90,0.00513871371322964,12.8062484748657,0.0967671345131451,535.5,176
817,33,0.0018841950281842,32,120,172,125,181,45,0.00256935685661482,10.295630140987,0.0777962905144185,122.5,176.5
819,311,0.0177571107201602,228,265,166,285,194,560,0.0319742186600955,30.2324329156619,0.228443631118923,275,180
827,50,0.00285484095179424,68,845,172,854,181,81,0.00462484234190667,11.4017542509914,0.0861544338653852,849.5,176.5
847,176,0.0100490401503157,186,424,174,446,194,440,0.0251226003757893,25,0.188906092801233,435,184
856,49,0.00279774413275836,62,312,176,319,188,84,0.00479613279901433,12.369316876853,0.0934655728730659,315.5,182
864,67,0.00382548687540429,90,240,177,251,188,121,0.00690871510334207,14.8660687473185,0.112331638494818,245.5,182.5
865,36,0.00205548548529186,52,261,176,266,187,55,0.00314032504697367,11.1803398874989,0.0844813729734881,263.5,181.5
869,183,0.0104487178835669,232,451,161,471,180,380,0.0216967912336362,22.2036033111745,0.1677758379049,461,170.5
879,88,0.00502452007515787,134,890,160,904,181,294,0.0167864647965501,22.8473193175917,0.172639912930735,897,170.5
881,74,0.00422516460865548,102,345,178,361,189,176,0.0100490401503157,17.0880074906351,0.129121149152563,353,183.5
902,107,0.00610935963683968,114,365,165,378,184,247,0.0141029143018636,20.6155281280883,0.155775954788443,371.5,174.5
908,94,0.00536710098937318,108,127,169,142,185,240,0.0137032365686124,20.6155281280883,0.155775954788443,134.5,177
912,124,0.00708000556044972,168,824,174,838,198,336,0.0191845311960573,25,0.188906092801233,831,186
914,42,0.00239806639950716,62,621,182,626,195,65,0.00371129323733252,13.3416640641263,0.100812865192829,623.5,188.5
921,72,0.00411097097058371,68,841,182,850,196,126,0.00719419919852149,14.8660687473185,0.112331638494818,845.5,189
932,135,0.00770807056984446,158,111,183,126,205,330,0.018841950281842,22.3606797749979,0.168962745946976,118.5,194
942,88,0.00502452007515787,100,506,177,520,192,210,0.0119903319975358,18.4390889145858,0.139330249666757,513,184.5
945,244,0.0139316238447559,254,741,185,761,207,440,0.0251226003757893,25.5538646783613,0.193091229294427,751,196
947,148,0.00845032921731096,130,77,186,92,206,300,0.0171290457107655,23.0217288664427,0.173957793987562,84.5,196
953,178,0.0101632337883875,164,540,168,555,193,375,0.0214113071384568,25.6320112359526,0.193681723728844,547.5,180.5
961,133,0.00759387693177269,138,628,179,640,198,228,0.0130180747401818,21.0237960416286,0.158860926642964,634,188.5
965,31,0.00177000139011243,66,426,188,433,197,63,0.00359709959926075,10.295630140987,0.0777962905144185,429.5,192.5
984,109,0.00622355327491145,150,454,191,469,210,285,0.0162725934252272,19.1049731745428,0.14436183341901,461.5,200.5
1002,271,0.0154732379587248,230,558,177,584,201,624,0.0356284150783922,27.5136329843952,0.207899716233969,571,189
1013,515,0.0294048618034807,500,578,192,610,230,1216,0.069429731947636,41.0121933088198,0.30989812780712,594,211
1017,89,0.00508161689419375,100,259,195,275,207,192,0.0109625892548899,18.3575597506858,0.138714195434689,267,201
1019,337,0.0192416280150932,398,330,189,356,223,884,0.0504735880277222,37.1618083521241,0.280803680689119,343,206
1025,201,0.0114764606262129,230,784,182,807,206,552,0.0315174441078084,26.8700576850888,0.203036704425355,795.5,194
1036,98,0.00559548826551672,146,356,196,373,215,323,0.0184422725485908,20.6155281280883,0.155775954788443,364.5,205.5
1048,70,0.00399677733251194,102,385,197,399,210,182,0.010391621064531,17.6918060129541,0.133683597940181,392,203.5
1108,213,0.0121616224546435,260,760,194,778,216,396,0.0226103403382104,24.2074368738204,0.182917292662636,769,205
1144,151,0.00862161967441862,156,732,205,745,224,247,0.0141029143018636,19.9248588451713,0.150557089362296,738.5,214.5
1155,220,0.0125613001878947,224,482,206,504,225,418,0.0238664703569999,22.3606797749979,0.168962745946976,493,215.5
1163,147,0.00839323239827507,154,289,194,306,213,323,0.0184422725485908,20.2484567313166,0.153002273854714,297.5,203.5
1170,336,0.0191845311960573,274,705,190,727,215,550,0.0314032504697367,27.7848879788996,0.209949385080555,716,202.5
1192,301,0.0171861425298013,178,531,197,555,220,552,0.0315174441078084,28.3196045170126,0.2139898335594,543,208.5
1204,68,0.00388258369444017,94,921,207,930,223,144,0.00822194194116742,16.2788205960997,0.123006735768857,925.5,215
1211,810,0.0462484234190667,774,656,179,701,224,2025,0.115621058547667,48.3321838943783,0.365209760641507,678.5,201.5
1228,195,0.0111338797119975,254,823,199,842,227,532,0.0303755077270907,28.2842712474619,0.213722846763531,832.5,213
1265,569,0.0324880900314185,576,850,178,893,221,1849,0.105572018397351,50.2493781056044,0.379696547344862,871.5,199.5
1267,180,0.0102774274264593,156,77,208,94,231,391,0.022324856243031,23.3452350598575,0.176402285627362,85.5,219.5
1278,66,0.0037683900563684,88,446,216,455,231,135,0.00770807056984446,15.0332963783729,0.113595251230454,450.5,223.5
1281,142,0.00810774830309565,152,43,195,56,221,338,0.0192987248341291,26,0.196462336513282,49.5,208
1283,87,0.00496742325612198,116,388,217,402,235,252,0.014388398397043,20.8086520466848,0.157235246183984,395,226
1290,60,0.00342580914215309,84,236,219,245,233,126,0.00719419919852149,14.8660687473185,0.112331638494818,240.5,226
1302,105,0.00599516599876791,118,804,209,815,226,187,0.0106771051597105,17.2626765016321,0.130440990768599,809.5,217.5
1309,164,0.00936387832188512,178,184,222,205,242,420,0.0239806639950716,22.6715680975093,0.171311893879102,194.5,232
1313,154,0.00879291013152627,212,557,208,573,228,320,0.0182709820914832,20.8806130178211,0.157779000819646,565,218
1332,295,0.016843561615586,272,621,205,644,230,575,0.0328306709456338,28.6530975637888,0.216509788297115,632.5,217.5
1337,498,0.0284342158798707,332,465,212,496,245,1023,0.0584100458737102,42.4264068711929,0.320584270145297,480.5,228.5
1347,145,0.00827903876020331,146,108,224,125,247,391,0.022324856243031,26.4196896272458,0.199633613620171,116.5,235.5
1359,394,0.0224961467001386,410,361,207,384,245,874,0.0499026198373634,38.1182371050918,0.288030689439755,372.5,226
1365,65,0.00371129323733252,72,896,227,906,240,130,0.00742258647466503,14.422205101856,0.108977696614785,901,233.5
1381,160,0.00913549104574158,230,407,215,429,234,418,0.0238664703569999,22.8035085019828,0.17230886773077,418,224.5
1395,236,0.0134748492924688,282,554,232,573,257,475,0.0271209890420453,25.9615099714943,0.19617149647741,563.5,244.5
1407,63,0.00359709959926075,106,743,234,751,253,152,0.0086787164934545,19.0262975904404,0.143767341531345,747,243.5
1409,30,0.00171290457107655,52,87,235,94,244,63,0.00359709959926075,10.6301458127346,0.0803239724556436,90.5,239.5
1423,30,0.00171290457107655,42,262,236,267,244,40,0.00228387276143539,8.94427190999916,0.0675850983787905,264.5,240
1436,138,0.00787936102695211,182,860,233,879,249,304,0.017357432986909,20.8086520466848,0.157235246183984,869.5,241
1437,33,0.0018841950281842,64,903,235,912,243,72,0.00411097097058371,12.0415945787923,0.0909892233190465,907.5,239
1465,190,0.0108483956168181,182,416,237,437,258,441,0.0251796971948252,24.1867732448956,0.182761153246505,426.5,247.5
1476,317,0.0180996916343755,300,518,219,542,245,624,0.0356284150783922,28.6356421265527,0.216377890759258,530,232
1489,113,0.00645194055105499,114,392,240,405,255,195,0.0111338797119975,18.0277563773199,0.136222120768481,398.5,247.5
1498,301,0.0171861425298013,356,829,227,856,256,783,0.0447068093050978,33.2866339541865,0.251521918511609,842.5,241.5
1503,52,0.00296903458986601,64,409,243,416,254,77,0.00439645506576314,11.4017542509914,0.0861544338653852,412.5,248.5
1505,849,0.0484751993614662,606,745,212,797,252,2080,0.118761383594641,52.3450093132096,0.395531647480103,771,232
1518,194,0.0110767828929617,234,446,233,467,254,441,0.0251796971948252,23.7065391822594,0.179132387630398,456.5,243.5
1526,150,0.00856452285538273,190,213,233,229,252,304,0.017357432986909,20.591260281974,0.155592581028837,221,242.5
1528,244,0.0139316238447559,220,298,234,319,256,462,0.0263787303945788,25.2388589282479,0.190710969075873,308.5,245
1538,67,0.00382548687540429,102,889,245,902,259,182,0.010391621064531,17.6918060129541,0.133683597940181,895.5,252
1549,414,0.0236380830808563,308,336,236,364,263,756,0.043165195191129,30.886890422961,0.233388871543255,350,249.5
1578,343,0.0195842089293085,294,162,233,189,257,648,0.0369987387352534,31.2409987036266,0.23606460001242,175.5,245
1587,65,0.00371129323733252,62,261,252,268,265,91,0.00519581053226552,13.8924439894498,0.104974692540277,264.5,258.5
1589,210,0.0119903319975358,284,502,253,523,275,462,0.0263787303945788,27.2029410174709,0.205552052012513,512.5,264
1592,93,0.00531000417033729,100,122,252,134,268,192,0.0109625892548899,17,0.128456143104838,128,260
1602,228,0.0130180747401818,278,786,237,810,257,480,0.0274064731372247,24.4131112314674,0.184471418234336,798,247
1605,79,0.0045106487038349,96,383,244,397,258,196,0.0111909765310334,17.0293863659264,0.12867819364759,390,251
1625,120,0.00685161828430618,130,84,257,100,276,304,0.017357432986909,19.4164878389476,0.14671571414313,92,266.5
1649,237,0.0135319461115047,268,400,258,423,281,529,0.0302042172699831,26.0768096208106,0.197042728727557,411.5,269.5
1666,179,0.0102203306074234,250,710,247,731,273,546,0.0311748631935931,27.7848879788996,0.209949385080555,720.5,260
1669,193,0.0110196860739258,184,853,256,879,272,416,0.0237522767189281,26.0768096208106,0.197042728727557,866,264
1672,61,0.00348290596118898,74,171,262,184,270,104,0.00593806917973203,13.8924439894498,0.104974692540277,177.5,266
1680,247,0.0141029143018636,190,534,254,553,275,399,0.0227816307953181,22.4722050542442,0.169805458137016,543.5,264.5
1681,321,0.018328078910519,252,672,259,694,283,528,0.0301471204509472,25.0798724079689,0.189509628181714,683,271
1683,323,0.0184422725485908,370,694,228,725,266,1178,0.0672600528242724,45.6070170039655,0.344617735461541,709.5,247
1690,89,0.00508161689419375,76,319,262,327,276,112,0.0063948437320191,15.2315462117278,0.115093275287157,323,269
1692,166,0.00947807195995689,192,472,262,493,279,357,0.0203835643958109,22.4722050542442,0.169805458137016,482.5,270.5
1698,64,0.00365419641829663,108,140,264,148,280,128,0.00730839283659326,16.1245154965971,0.121840768831004,144,272
1704,488,0.0278632476895118,448,727,255,771,280,1100,0.0628065009394733,44.5533388198909,0.336655886308604,749,267.5
1728,57,0.00325451868504544,110,892,266,903,282,176,0.0100490401503157,18.8679622641132,0.142570921217389,897.5,274
1730,47,0.00268355049468659,70,644,266,656,272,72,0.00411097097058371,12.1655250605964,0.0919256722429102,650,269
1734,193,0.0110196860739258,178,819,257,837,275,324,0.0184993693676267,21.4009345590327,0.16171067719367,828,266
1751,242,0.0138174302066841,212,215,259,236,281,462,0.0263787303945788,26.2488094968134,0.198342401709077,225.5,270
1767,207,0.0118190415404282,206,196,268,212,293,400,0.0228387276143539,26.2488094968134,0.198342401709077,204,280.5
1773,62,0.00354000278022486,108,111,272,120,286,126,0.00719419919852149,14.3178210632764,0.108188945379629,115.5,279
1784,33,0.0018841950281842,44,862,272,871,276,36,0.00205548548529186,9.48683298050514,0.0716848220562041,866.5,274
1794,211,0.0120474288165717,196,595,272,615,300,560,0.0319742186600955,29.1204395571221,0.220041138295616,605,286
1801,31,0.00177000139011243,48,308,274,317,279,45,0.00256935685661482,9.21954445729289,0.0696651248333785,312.5,276.5
1818,607,0.0346577691547821,494,611,238,639,285,1316,0.0751394138512245,50.6951674225463,0.383065040067903,625,261.5
1849,87,0.00496742325612198,104,832,278,845,295,221,0.0126183970069306,18.3847763108502,0.138919850396295,838.5,286.5
1865,130,0.00742258647466503,124,281,263,293,286,276,0.0157587220539042,25.0798724079689,0.189509628181714,287,274.5
1871,36,0.00205548548529186,58,870,280,878,289,72,0.00411097097058371,12.0415945787923,0.0909892233190465,874,284.5
1882,82,0.00468193916094256,74,59,283,67,297,112,0.0063948437320191,14.3178210632764,0.108188945379629,63,290
1893,62,0.00354000278022486,60,85,284,93,296,96,0.00548129462744495,12.5299640861417,0.0946794623381118,89,290
1927,339,0.019355821653165,310,439,259,464,291,800,0.0456774552287079,32.2024843762092,0.243329820080097,451.5,275
1936,143,0.00816484512213154,160,142,285,158,300,240,0.0137032365686124,19.8494332412792,0.149987155117159,150,292.5
1938,282,0.0161013029681195,248,336,275,363,295,540,0.0308322822793778,27.8926513619627,0.210763671466215,349.5,285
1954,293,0.0167293679775143,234,113,290,137,318,672,0.0383690623921146,31.3847096529504,0.2371505149696,125,304
1968,283,0.0161583997871554,196,389,285,411,311,572,0.0326593804885261,26.9258240356725,0.203458088561297,400,298
1970,38,0.00216967912336362,70,435,292,445,301,90,0.00513871371322964,10.816653826392,0.0817332724610885,440,296.5
1975,43,0.00245516321854305,86,940,293,948,304,88,0.00502452007515787,13.0384048104053,0.0985213643637786,944,298.5
1978,378,0.0215825975955645,326,240,279,275,317,1330,0.0759387693177269,47.4236228055175,0.35834445162679,257.5,298
1984,98,0.00559548826551672,170,878,294,895,309,255,0.0145596888541506,21.2602916254693,0.160647944911287,886.5,301.5
1987,34,0.00194129184722009,40,226,295,232,303,48,0.00274064731372247,9.4339811320566,0.0712854606086946,229,299
1993,303,0.0173003361678731,276,459,290,487,314,672,0.0383690623921146,28.4429253066558,0.214921675500706,473,302
1994,453,0.0258648590232558,280,507,277,535,303,728,0.0415664842581242,30.8706980808663,0.233266518260119,521,290
2001,56,0.00319742186600955,80,920,290,934,300,140,0.00799355466502388,16.1245154965971,0.121840768831004,927,295
2002,46,0.0026264536756507,74,71,296,82,306,110,0.00628065009394734,13.4536240470737,0.101658862109976,76.5,301
2015,167,0.00953516877899277,194,157,297,174,319,374,0.0213542103194209,22.561028345357,0.17047662857197,165.5,308
2018,227,0.0129609779211459,188,547,273,562,301,420,0.0239806639950716,28.8617393793236,0.21808633670382,554.5,287
2026,219,0.0125042033688588,218,641,292,663,310,396,0.0226103403382104,23.7065391822594,0.179132387630398,652,301
2038,155,0.00885000695056215,146,698,298,713,314,240,0.0137032365686124,17.8044938147649,0.134535094434038,705.5,306
2044,49,0.00279774413275836,86,380,299,387,312,91,0.00519581053226552,13.3416640641263,0.100812865192829,383.5,305.5
2053,165,0.009420975140921,146,531,301,550,318,323,0.0184422725485908,22.0227155455452,0.166409005863277,540.5,309.5
2058,91,0.00519581053226552,124,181,290,195,305,210,0.0119903319975358,18.6010752377383,0.140554257802516,188,297.5
2081,40,0.00228387276143539,84,836,304,846,313,90,0.00513871371322964,13.4536240470737,0.101658862109976,841,308.5
2084,51,0.00291193777083013,72,902,304,915,315,143,0.00816484512213154,15,0.11334365568074,908.5,309.5
2088,249,0.0142171079399353,220,351,295,371,316,420,0.0239806639950716,21.9317121994613,0.165721362401655,361,305.5
2093,207,0.0118190415404282,228,561,305,580,326,399,0.0227816307953181,24.1867732448956,0.182761153246505,570.5,315.5
2107,181,0.0103345242454952,216,859,307,874,330,345,0.0196984025673803,24.0416305603426,0.181664419749002,866.5,318.5
2115,72,0.00411097097058371,88,846,308,854,326,144,0.00822194194116742,18.9736659610103,0.143369644112408,850,317
2120,102,0.00582387554166026,134,82,308,95,326,234,0.0133606556543971,18.6010752377383,0.140554257802516,88.5,317
2133,127,0.00725129601755738,142,240,309,256,327,288,0.0164438838823348,21.2602916254693,0.160647944911287,248,318
2138,328,0.0187277566437702,316,760,293,784,320,648,0.0369987387352534,29.0688837074973,0.219651569731069,772,306.5
2149,46,0.0026264536756507,78,390,311,401,319,88,0.00502452007515787,13.6014705087354,0.102776026006256,395.5,315
2156,45,0.00256935685661482,64,879,311,889,318,70,0.00399677733251194,11.4017542509914,0.0861544338653852,884,314.5
2167,117,0.00668032782719853,128,213,311,230,328,289,0.0165009807013707,20.8086520466848,0.157235246183984,221.5,319.5
2182,191,0.010905492435854,208,618,300,636,320,360,0.0205548548529186,21.9317121994613,0.165721362401655,627,310
2191,114,0.00650903737009088,100,638,316,649,333,187,0.0106771051597105,17.464249196573,0.131964123177267,643.5,324.5
2214,123,0.00702290874141384,158,479,319,497,337,324,0.0184993693676267,22.0227155455452,0.166409005863277,488,328
2228,108,0.00616645645587557,138,815,307,832,323,272,0.0155303347777607,17.2626765016321,0.130440990768599,823.5,315
2267,629,0.0359138991735716,510,759,317,798,358,1599,0.0912978136383799,48.2597140480546,0.364662160820911,778.5,337.5
2270,79,0.0045106487038349,94,62,326,71,343,153,0.00873581331249038,17.1172427686237,0.129342058038034,66.5,334.5
2273,242,0.0138174302066841,220,504,323,526,354,682,0.0389400305824735,35.2278299076171,0.266190068228574,515,338.5
2274,87,0.00496742325612198,78,624,326,633,343,153,0.00873581331249038,17.2626765016321,0.130440990768599,628.5,334.5
2281,161,0.00919258786477746,186,744,310,764,331,420,0.0239806639950716,24.4131112314674,0.184471418234336,754,320.5
2286,200,0.011419363807177,228,422,313,441,333,380,0.0216967912336362,22.6715680975093,0.171311893879102,431.5,323
2287,128,0.00730839283659326,188,460,328,481,346,378,0.0215825975955645,22.8035085019828,0.17230886773077,470.5,337
2288,92,0.00525290735130141,114,527,328,538,349,231,0.0131893651972894,21.9317121994613,0.165721362401655,532.5,338.5
2308,80,0.00456774552287079,104,233,330,246,343,169,0.00964936241706454,15,0.11334365568074,239.5,336.5
2313,160,0.00913549104574158,170,537,330,550,351,273,0.0155874315967966,21.6333076527839,0.163466544922177,543.5,340.5
2318,174,0.00993484651224397,192,345,326,364,344,342,0.0195271121102726,22.0227155455452,0.166409005863277,354.5,335
2326,230,0.0131322683782535,196,596,331,614,354,414,0.0236380830808563,24.3515913237718,0.184006558818646,605,342.5
2335,205,0.0117048479023564,220,646,332,665,352,380,0.0216967912336362,23.8537208837531,0.180244528436839,655.5,342
2347,118,0.00673742464623441,130,802,317,816,335,252,0.014388398397043,18.9736659610103,0.143369644112408,809,326
2354,40,0.00228387276143539,78,1001,332,1011,341,90,0.00513871371322964,13.4536240470737,0.101658862109976,1006,336.5
2367,348,0.0198696930244879,288,707,319,732,344,625,0.035685511897428,26.8700576850888,0.203036704425355,719.5,331.5
2368,85,0.00485322961805021,92,163,327,173,341,140,0.00799355466502388,14.0356688476182,0.106056934474222,168,334
2387,100,0.00570968190358849,112,864,338,876,350,144,0.00822194194116742,13.4536240470737,0.101658862109976,870,344
2415,44,0.00251226003757893,48,95,342,106,347,55,0.00314032504697367,12.0830459735946,0.0913024401603768,100.5,344.5
2419,279,0.0159300125110119,266,357,340,382,361,525,0.0299758299938396,26.4007575648882,0.199490558343025,369.5,350.5
2432,98,0.00559548826551672,118,632,340,645,358,234,0.0133606556543971,18.8679622641132,0.142570921217389,638.5,349
2439,50,0.00285484095179424,78,427,339,437,351,120,0.00685161828430618,14.422205101856,0.108977696614785,432,345
2442,369,0.0210687262242415,286,566,337,592,363,676,0.0385974496682582,29.1547594742265,0.220300467953434,579,350
2447,148,0.00845032921731096,162,194,334,214,352,360,0.0205548548529186,21.4709105535839,0.162239432862492,204,343
2455,34,0.00194129184722009,58,987,345,994,355,70,0.00399677733251194,12.2065556157337,0.0922357091171681,990.5,350
2458,275,0.0157016252348683,244,384,330,407,351,483,0.0275777635943324,24.0416305603426,0.181664419749002,395.5,340.5
2463,255,0.0145596888541506,298,811,327,832,355,588,0.0335729295931003,28.8617393793236,0.21808633670382,821.5,341
2476,53,0.0030261314089019,72,875,348,889,356,112,0.0063948437320191,15.2315462117278,0.115093275287157,882,352
2492,43,0.00245516321854305,72,906,350,915,360,90,0.00513871371322964,12.7279220613579,0.0961752810435891,910.5,355
2497,45,0.00256935685661482,74,434,347,444,357,100,0.00570968190358849,13.4536240470737,0.101658862109976,439,352
2516,77,0.00439645506576314,104,167,356,184,367,187,0.0106771051597105,19.2353840616713,0.145347249864858,175.5,361.5
2534,206,0.0117619447213923,218,416,357,436,377,400,0.0228387276143539,21.9544984001001,0.165893540486954,426,367
2548,38,0.00216967912336362,46,195,358,200,367,45,0.00256935685661482,9.48683298050514,0.0716848220562041,197.5,362.5
2564,162,0.00924968468381335,156,251,359,271,377,360,0.0205548548529186,21.1896201004171,0.160113933644491,261,368
2583,367,0.0209545325861697,306,737,354,763,383,754,0.0430510015530572,30.0832179129826,0.227316126193185,750,368.5
2601,368,0.0210116294052056,238,596,356,628,387,992,0.0566400444835978,39.6988664825584,0.299974310234317,612,371.5
2605,36,0.00205548548529186,64,887,360,896,368,72,0.00411097097058371,11.3137084989848,0.0854891387054125,891.5,364
2635,266,0.0151877538635454,272,455,363,477,393,660,0.037683900563684,32.2024843762092,0.243329820080097,466,378
2648,222,0.0126754938259664,204,309,365,328,385,380,0.0216967912336362,21.4009345590327,0.16171067719367,318.5,375
2649,426,0.024323244909287,324,359,368,385,395,702,0.0400819669631912,32.649655434629,0.246708753578492,372,381.5
2667,198,0.0113051701691052,180,717,356,736,376,380,0.0216967912336362,21.4009345590327,0.16171067719367,726.5,366
2668,83,0.00473903597997844,114,924,366,941,380,238,0.0135890429305406,20.2484567313166,0.153002273854714,932.5,373
2694,188,0.0107342019787464,236,218,359,239,377,378,0.0215825975955645,21.5870331449229,0.163116883463124,228.5,368
2708,252,0.014388398397043,258,519,358,543,383,600,0.0342580914215309,26.8328157299975,0.202755295136371,531,370.5
2710,80,0.00456774552287079,86,590,363,600,378,150,0.00856452285538273,15.8113883008419,0.119474703427007,595,370.5
2711,255,0.0145596888541506,238,670,368,690,389,420,0.0239806639950716,24.2074368738204,0.182917292662636,680,378.5
2714,192,0.0109625892548899,180,152,369,172,393,480,0.0274064731372247,24.5153013442625,0.185243591631578,162,381
2725,74,0.00422516460865548,108,1021,369,1034,384,195,0.0111338797119975,19.2093727122985,0.145150701769718,1027.5,376.5
2726,144,0.00822194194116742,158,240,374,261,390,336,0.0191845311960573,21.540659228538,0.162766470849038,250.5,382
2778,113,0.00645194055105499,162,588,383,606,396,234,0.0133606556543971,18.4390889145858,0.139330249666757,597,389.5
2791,180,0.0102774274264593,208,845,379,861,402,368,0.0210116294052056,23.5372045918796,0.177852854196609,853,390.5
2793,263,0.0150164634064377,306,193,368,219,390,572,0.0326593804885261,28.6530975637888,0.216509788297115,206,379
2818,356,0.020326467576775,376,817,366,843,395,754,0.0430510015530572,30.886890422961,0.233388871543255,830,380.5
2831,228,0.0130180747401818,236,263,383,289,405,572,0.0326593804885261,26.4764045897475,0.200062165698953,276,394
2847,51,0.00291193777083013,56,923,390,935,398,96,0.00548129462744495,13.6014705087354,0.102776026006256,929,394
2849,443,0.025293890832897,408,226,391,251,426,875,0.0499597166563993,36.4005494464026,0.27505142286952,238.5,408.5
2865,36,0.00205548548529186,52,256,393,260,405,48,0.00274064731372247,12.1655250605964,0.0919256722429102,258,399
2881,60,0.00342580914215309,64,192,395,200,406,88,0.00502452007515787,12.0830459735946,0.0913024401603768,196,400.5
2889,173,0.00987774969320808,154,571,384,585,403,266,0.0151877538635454,19.2353840616713,0.145347249864858,578,393.5
2897,57,0.00325451868504544,70,115,397,125,409,120,0.00685161828430618,12.5299640861417,0.0946794623381118,120,403
2906,50,0.00285484095179424,72,933,397,945,407,120,0.00685161828430618,15,0.11334365568074,939,402
2912,1211,0.0691442478524566,990,610,361,672,415,3348,0.191160150132143,72.8628849277875,0.550569716077367,641,388
2917,77,0.00439645506576314,104,342,389,356,404,210,0.0119903319975358,17.6918060129541,0.133683597940181,349,396.5
2919,506,0.0288909904321577,400,527,387,555,427,1120,0.0639484373201911,42.5440947723653,0.321473548608516,541,407
2946,107,0.00610935963683968,108,290,403,305,416,195,0.0111338797119975,18.0277563773199,0.136222120768481,297.5,409.5
2948,714,0.0407671287916218,532,682,371,719,419,1776,0.101403950607732,50.4777178564959,0.381421938151746,700.5,395
2952,98,0.00559548826551672,136,835,403,855,417,280,0.0159871093300478,21.1896201004171,0.160113933644491,845,410
2961,487,0.0278061508704759,424,779,372,813,407,1190,0.067945214652703,41.0487515035476,0.310174370436156,796,389.5
2987,49,0.00279774413275836,70,263,405,274,412,77,0.00439645506576314,11.4017542509914,0.0861544338653852,268.5,408.5
3032,107,0.00610935963683968,130,128,407,146,421,252,0.014388398397043,20.2484567313166,0.153002273854714,137,414
3057,267,0.0152448506825813,250,496,409,521,432,575,0.0328306709456338,26.8328157299975,0.202755295136371,508.5,420.5
3058,223,0.0127325906450023,248,764,407,783,433,494,0.0282058286037271,26.3058928759318,0.198773737633603,773.5,420
3061,108,0.00616645645587557,130,880,402,896,421,304,0.017357432986909,19.6468827043885,0.148456633896406,888,411.5
3080,247,0.0141029143018636,290,743,419,765,441,484,0.0276348604133683,24.2074368738204,0.182917292662636,754,430
3089,114,0.00650903737009088,118,603,420,616,434,182,0.010391621064531,16.2788205960997,0.123006735768857,609.5,427
3094,68,0.00388258369444017,122,987,409,997,427,180,0.0102774274264593,19.313207915828,0.145935305873476,992,418
3107,248,0.0141600111208994,192,156,401,176,428,540,0.0308322822793778,27.6586333718787,0.208995374500136,166,414.5
3128,185,0.0105629115216387,160,170,425,184,447,308,0.0175858202630525,23.4093998214393,0.176887130203599,177,436
3130,91,0.00519581053226552,108,193,425,208,439,210,0.0119903319975358,17.8044938147649,0.134535094434038,200.5,432
3142,166,0.00947807195995689,170,255,418,271,439,336,0.0191845311960573,21.540659228538,0.162766470849038,263,428.5
3151,155,0.00885000695056215,144,351,414,371,430,320,0.0182709820914832,20.2237484161567,0.152815571803651,361,422
3153,88,0.00502452007515787,128,577,427,588,443,176,0.0100490401503157,16.2788205960997,0.123006735768857,582.5,435
3160,37,0.00211258230432774,52,595,428,601,437,54,0.00308322822793778,10.816653826392,0.0817332724610885,598,432.5
3174,98,0.00559548826551672,94,349,430,361,443,156,0.00890710376959804,16.2788205960997,0.123006735768857,355,436.5
3178,53,0.0030261314089019,70,189,431,200,443,132,0.0075367801127368,15.6204993518133,0.11803230000621,194.5,437
3181,280,0.0159871093300478,236,378,420,401,440,460,0.026264536756507,24.0416305603426,0.181664419749002,389.5,430
3192,717,0.0409384192487295,654,719,393,763,436,1892,0.108027181615894,55.2268050859363,0.41730719866718,741,414.5
3197,169,0.00964936241706454,174,629,432,646,453,357,0.0203835643958109,22.1359436211787,0.167264584797809,637.5,442.5
3202,57,0.00325451868504544,66,696,434,705,445,99,0.0056525850845526,12.2065556157337,0.0922357091171681,700.5,439.5
3211,412,0.0235238894427846,452,859,401,893,444,1462,0.0834755494304637,48.1663783151692,0.363956893276186,876,422.5
3214,135,0.00770807056984446,142,298,421,318,437,320,0.0182709820914832,21.540659228538,0.162766470849038,308,429
3219,45,0.00256935685661482,68,915,436,925,444,80,0.00456774552287079,12.2065556157337,0.0922357091171681,920,440
3233,31,0.00177000139011243,66,969,437,975,447,60,0.00342580914215309,10.770329614269,0.0813832354245188,972,442
3236,112,0.0063948437320191,140,468,432,485,446,238,0.0135890429305406,18.0277563773199,0.136222120768481,476.5,439
3255,249,0.0142171079399353,258,582,439,604,462,506,0.0288909904321577,29.732137494637,0.224663276989637,593,450.5
3265,101,0.00576677872262437,126,227,440,243,454,224,0.0127896874640382,17.2046505340853,0.130002532416188,235,447
3270,65,0.00371129323733252,76,339,440,351,449,108,0.00616645645587557,12.369316876853,0.0934655728730659,345,444.5
3274,299,0.0170719488917296,220,556,432,574,456,432,0.0246658258235023,25.9422435421457,0.19602591464179,565,444
3297,77,0.00439645506576314,124,884,441,901,457,272,0.0155303347777607,19.1049731745428,0.14436183341901,892.5,449
3331,442,0.0252367940138611,364,762,437,786,475,912,0.052072298960727,38.0525951808809,0.287534683062689,774,456
3333,258,0.0147309793112583,254,127,436,153,458,572,0.0326593804885261,26.9258240356725,0.203458088561297,140,447
3356,283,0.0161583997871554,298,713,437,733,462,500,0.0285484095179424,26.4007575648882,0.199490558343025,723,449.5
3358,132,0.0075367801127368,102,42,449,54,470,252,0.014388398397043,22.3606797749979,0.168962745946976,48,459.5
3368,223,0.0127325906450023,206,58,447,82,466,456,0.0260361494803635,26.4196896272458,0.199633613620171,70,456.5
3371,90,0.00513871371322964,112,274,439,287,453,182,0.010391621064531,16.4012194668567,0.123931611466377,280.5,446
3374,154,0.00879291013152627,200,646,444,662,463,304,0.017357432986909,19.9248588451713,0.150557089362296,654,453.5
3390,171,0.00976355605513631,194,497,439,513,457,288,0.0164438838823348,20.6155281280883,0.155775954788443,505,448
3428,149,0.00850742603634685,150,610,444,625,460,240,0.0137032365686124,17.6918060129541,0.133683597940181,617.5,452
3431,233,0.0133035588353612,226,664,437,681,461,408,0.023295502166641,24.738633753706,0.186931145746132,672.5,449
3448,77,0.00439645506576314,100,537,457,549,468,132,0.0075367801127368,12.6491106406735,0.0955797627416054,543,462.5
3450,231,0.0131893651972894,286,820,456,840,486,600,0.0342580914215309,31.04834939252,0.23460889486674,830,471
3462,189,0.0107912987977822,204,471,454,487,474,320,0.0182709820914832,21.9544984001001,0.165893540486954,479,464
3468,488,0.0278632476895118,450,104,449,146,480,1302,0.0743400583847221,47.0106370941726,0.355223830942274,125,464.5
3482,88,0.00502452007515787,130,260,459,273,475,208,0.0118761383594641,18.8679622641132,0.142570921217389,266.5,467
3488,52,0.00296903458986601,92,517,455,530,467,156,0.00890710376959804,14.422205101856,0.108977696614785,523.5,461
3496,164,0.00936387832188512,162,150,460,171,478,378,0.0215825975955645,24.8394846967484,0.187693200050351,160.5,469
3517,677,0.0386545464872941,550,419,444,466,472,1316,0.0751394138512245,47.8539444560216,0.361596066892571,442.5,458
3525,268,0.0153019475016171,224,884,462,906,484,484,0.0276348604133683,24.7588368062799,0.187083804935108,895,473
3551,210,0.0119903319975358,232,518,444,540,467,506,0.0288909904321577,24.6981780704569,0.186625452743965,529,455.5
3566,228,0.0130180747401818,232,843,459,859,482,368,0.0210116294052056,25.0798724079689,0.189509628181714,851,470.5
3593,288,0.0164438838823348,324,494,462,518,495,792,0.0452206806764208,36.7151195013716,0.277428390869379,506,478.5
3594,336,0.0191845311960573,256,553,460,582,487,783,0.0447068093050978,30.0832179129826,0.227316126193185,567.5,473.5
3600,176,0.0100490401503157,226,691,451,711,472,420,0.0239806639950716,23.8537208837531,0.180244528436839,701,461.5
3614,184,0.0105058147026028,184,656,464,676,481,340,0.0194129184722009,21.4709105535839,0.162239432862492,666,472.5
3616,82,0.00468193916094256,118,908,468,926,480,216,0.0123329129117511,19.313207915828,0.145935305873476,917,474
3619,81,0.00462484234190667,94,81,471,96,482,165,0.009420975140921,17.8044938147649,0.134535094434038,88.5,476.5
3639,64,0.00365419641829663,82,40,474,54,483,126,0.00719419919852149,15.2643375224737,0.115341054422791,47,478.5
3666,390,0.0222677594239951,264,407,474,433,501,702,0.0400819669631912,30,0.22668731136148,420,487.5
3711,374,0.0213542103194209,294,622,461,641,498,703,0.0401390637822271,38.3275357934736,0.28961220133778,631.5,479.5
3723,445,0.0254080844709688,414,316,452,354,489,1406,0.0802781275644541,45.3431361950185,0.342623787758205,335,470.5
3731,282,0.0161013029681195,196,282,461,301,486,475,0.0271209890420453,25.9422435421457,0.19602591464179,291.5,473.5
3734,54,0.00308322822793778,84,489,474,500,486,132,0.0075367801127368,13.6014705087354,0.102776026006256,494.5,480
3737,318,0.0181567884534114,264,593,464,617,487,552,0.0315174441078084,26.4196896272458,0.199633613620171,605,475.5
3790,162,0.00924968468381335,216,811,473,832,491,378,0.0215825975955645,21.5870331449229,0.163116883463124,821.5,482
3803,161,0.00919258786477746,164,642,469,657,493,360,0.0205548548529186,24.738633753706,0.186931145746132,649.5,481
3806,33,0.0018841950281842,48,893,488,898,498,50,0.00285484095179424,10.0498756211209,0.0759393094689725,895.5,493
3810,224,0.0127896874640382,228,437,475,458,493,378,0.0215825975955645,22.8035085019828,0.17230886773077,447.5,484
3812,261,0.0149022697683659,214,754,477,775,496,399,0.0227816307953181,24.8394846967484,0.187693200050351,764.5,486.5
3828,60,0.00342580914215309,86,294,490,305,502,132,0.0075367801127368,15,0.11334365568074,299.5,496
3831,258,0.0147309793112583,238,587,491,610,514,529,0.0302042172699831,26.9072480941474,0.203317724219952,598.5,502.5
3836,566,0.0323167995743108,534,207,442,239,499,1824,0.104144597921454,60.5392434706612,0.457449277807407,223,470.5
3859,85,0.00485322961805021,128,109,485,122,498,169,0.00964936241706454,13.9283882771841,0.105246296338454,115.5,491.5
3870,223,0.0127325906450023,254,853,495,881,517,616,0.0351716405261051,28.0178514522438,0.211709713861149,867,506
3879,118,0.00673742464623441,142,364,494,383,506,228,0.0130180747401818,19.0262975904404,0.143767341531345,373.5,500
3918,160,0.00913549104574158,182,458,499,476,516,306,0.0174716266249808,19.8494332412792,0.149987155117159,467,507.5
3919,181,0.0103345242454952,166,480,493,496,512,304,0.017357432986909,20.1246117974981,0.152066471352279,488,502.5
3922,104,0.00593806917973203,122,622,500,635,516,208,0.0118761383594641,17.0880074906351,0.129121149152563,628.5,508
3924,209,0.0119332351784999,184,637,500,659,517,374,0.0213542103194209,22.4722050542442,0.169805458137016,648,508.5
3943,511,0.0291764745273372,406,159,487,200,518,1271,0.0725700569946097,44.7213595499958,0.337925491893952,179.5,502.5
3973,130,0.00742258647466503,136,690,504,708,518,252,0.014388398397043,19.313207915828,0.145935305873476,699,511
3977,30,0.00171290457107655,42,156,505,164,512,56,0.00319742186600955,10.6301458127346,0.0803239724556436,160,508.5
4004,124,0.00708000556044972,158,809,502,828,519,323,0.0184422725485908,20.6155281280883,0.155775954788443,818.5,510.5
4005,239,0.0136461397495765,270,823,488,846,510,506,0.0288909904321577,25,0.188906092801233,834.5,499
4015,509,0.0290622808892654,388,664,472,696,512,1280,0.0730839283659326,43.9089968002003,0.331787080973907,680,492
4021,188,0.0107342019787464,158,385,501,402,519,306,0.0174716266249808,21.095023109729,0.159399135728425,393.5,510
4071,420,0.0239806639950716,392,85,490,118,532,1386,0.0791361911837364,45.6179789118282,0.3447005663089,101.5,511
4079,45,0.00256935685661482,66,37,515,46,526,99,0.0056525850845526,12.2065556157337,0.0922357091171681,41.5,520.5
4087,41,0.00234096958047128,56,404,515,409,526,55,0.00314032504697367,11.1803398874989,0.0844813729734881,406.5,520.5
4088,336,0.0191845311960573,268,544,495,569,518,575,0.0328306709456338,28.0178514522438,0.211709713861149,556.5,506.5
4106,619,0.0353429309832127,514,510,473,539,525,1508,0.0861020031061144,53.851648071345,0.406916177122594,524.5,499
4141,106,0.0060522628178038,128,167,519,182,540,315,0.0179854979963037,21.5870331449229,0.163116883463124,174.5,529.5
4153,159,0.00907839422670569,198,895,501,918,522,483,0.0275777635943324,23.3452350598575,0.176402285627362,906.5,511.5
4171,540,0.0308322822793778,530,330,486,361,533,1457,0.0831900653352843,51.8652099195598,0.391906166328791,345.5,509.5
4183,224,0.0127896874640382,240,203,508,225,526,396,0.0226103403382104,24.1660919471891,0.182604880320754,214,517
4184,914,0.0521864925987988,862,245,477,307,540,3906,0.223020175154166,73.7834669827869,0.557525858441882,276,508.5
4191,38,0.00216967912336362,78,873,522,883,532,100,0.00570968190358849,13.4536240470737,0.101658862109976,878,527
4199,294,0.0167864647965501,268,430,504,458,527,644,0.0367703514591099,29.4108823397055,0.222235794745222,444,515.5
4201,176,0.0100490401503157,174,546,521,567,536,315,0.0179854979963037,21.5870331449229,0.163116883463124,556.5,528.5
4203,140,0.00799355466502388,158,833,523,852,537,266,0.0151877538635454,20.6155281280883,0.155775954788443,842.5,530
4209,169,0.00964936241706454,180,605,511,624,532,399,0.0227816307953181,23.6008474424119,0.17833375508576,614.5,521.5
4217,254,0.0145025920351148,212,122,515,142,539,480,0.0274064731372247,25,0.188906092801233,132,527
4219,251,0.0143313015780071,228,571,511,591,535,480,0.0274064731372247,24.738633753706,0.186931145746132,581,523
4239,116,0.00662323100816264,128,698,522,712,537,210,0.0119903319975358,16.6433169770932,0.125760959255804,705,529.5
4247,249,0.0142171079399353,256,359,517,386,537,540,0.0308322822793778,28.6530975637888,0.216509788297115,372.5,527
4267,275,0.0157016252348683,220,459,533,481,553,440,0.0251226003757893,23.4093998214393,0.176887130203599,470,543
4288,204,0.0116477510833205,182,626,533,642,556,368,0.0210116294052056,24.4131112314674,0.184471418234336,634,544.5
4291,47,0.00268355049468659,100,1001,534,1013,546,144,0.00822194194116742,16.9705627484771,0.128233708058119,1007,540
4326,82,0.00468193916094256,104,105,537,119,550,182,0.010391621064531,14.3178210632764,0.108188945379629,112,543.5
4337,447,0.0255222781090405,324,666,514,691,544,750,0.0428226142769136,30.5941170815567,0.231176604823214,678.5,529
4350,342,0.0195271121102726,256,186,525,214,551,728,0.0415664842581242,32.649655434629,0.246708753578492,200,538
4355,253,0.0144454952160789,214,511,533,532,553,420,0.0239806639950716,24.4131112314674,0.184471418234336,521.5,543
4359,141,0.00805065148405977,138,864,544,878,559,210,0.0119903319975358,17.8044938147649,0.134535094434038,871,551.5
4368,195,0.0111338797119975,194,46,529,66,551,440,0.0251226003757893,22.8254244210267,0.17247446975624,56,540
4372,47,0.00268355049468659,84,188,540,199,551,121,0.00690871510334207,13.6014705087354,0.102776026006256,193.5,545.5
4373,200,0.011419363807177,184,327,535,344,553,306,0.0174716266249808,20.5182845286832,0.155041158451901,335.5,544
4396,336,0.0191845311960573,296,411,520,447,551,1116,0.0637200500440475,44.8218696620299,0.338684970796008,429,535.5
4401,326,0.0186135630056985,336,143,525,169,553,728,0.0415664842581242,30.4795013082563,0.230310540106911,156,539
4407,392,0.0223819530620669,342,685,541,719,570,986,0.0562974635693825,36.8917334913934,0.278762929220941,702,555.5
4413,166,0.00947807195995689,152,215,544,236,560,336,0.0191845311960573,22.3606797749979,0.168962745946976,225.5,552
4418,174,0.00993484651224397,188,647,538,667,555,340,0.0194129184722009,21.4709105535839,0.162239432862492,657,546.5
4435,179,0.0102203306074234,188,152,551,175,568,391,0.022324856243031,24.5967477524977,0.185859020541674,163.5,559.5
4494,238,0.0135890429305406,246,410,560,434,579,456,0.0260361494803635,24.5153013442625,0.185243591631578,422,569.5
4504,140,0.00799355466502388,130,126,545,139,566,273,0.0155874315967966,21.3775583264319,0.161534040683069,132.5,555.5
4511,185,0.0105629115216387,190,658,555,679,572,357,0.0203835643958109,21.9317121994613,0.165721362401655,668.5,563.5
4515,113,0.00645194055105499,132,891,562,914,573,253,0.0144454952160789,23.3452350598575,0.176402285627362,902.5,567.5
4528,232,0.0132464620163253,250,480,549,499,572,437,0.0249513099186817,25.4950975679639,0.192647170686011,489.5,560.5
4542,527,0.0300900236319113,480,595,531,628,572,1353,0.0772519961555522,45,0.340030967042219,611.5,551.5
4566,285,0.0162725934252272,280,731,569,756,590,525,0.0299758299938396,25.8069758011279,0.195003798624281,743.5,579.5
4571,30,0.00171290457107655,52,42,570,48,578,48,0.00274064731372247,9.4339811320566,0.0712854606086946,45,574
4580,278,0.015872915691976,282,359,554,385,576,572,0.0326593804885261,26.6833281282527,0.201625730385658,372,565
4584,226,0.01290388110211,252,798,556,818,576,400,0.0228387276143539,22.2036033111745,0.1677758379049,808,566
4591,62,0.00354000278022486,100,960,567,971,582,165,0.009420975140921,17.0293863659264,0.12867819364759,965.5,574.5
4598,113,0.00645194055105499,116,76,574,95,587,247,0.0141029143018636,20.2484567313166,0.153002273854714,85.5,580.5
4616,126,0.00719419919852149,132,149,573,170,585,252,0.014388398397043,21.0237960416286,0.158860926642964,159.5,579
4648,470,0.0268355049468659,350,496,556,523,592,972,0.0554981081028801,36.2215405525497,0.273698788040943,509.5,574
4657,300,0.0171290457107655,260,335,560,359,584,576,0.0328877677646697,27.5862284482674,0.208448265251377,347,572
4662,146,0.00833613557923919,152,691,580,711,592,240,0.0137032365686124,20.6155281280883,0.155775954788443,701,586
4680,325,0.0185564661866626,296,821,563,843,588,550,0.0314032504697367,26.9258240356725,0.203458088561297,832,575.5
4691,222,0.0126754938259664,244,640,568,658,590,396,0.0226103403382104,23.0867927612304,0.174449432633433,649,579
4697,242,0.0138174302066841,268,800,584,821,604,420,0.0239806639950716,22.8035085019828,0.17230886773077,810.5,594
4699,61,0.00348290596118898,74,55,585,66,596,121,0.00690871510334207,12.8062484748657,0.0967671345131451,60.5,590.5
4714,216,0.0123329129117511,244,381,578,404,599,483,0.0275777635943324,27.6586333718787,0.208995374500136,392.5,588.5
4727,931,0.0531571385224088,848,537,538,586,603,3185,0.181853368629293,65.4904573201318,0.49486185632448,561.5,570.5
4752,298,0.0170148520726937,264,777,568,801,593,600,0.0342580914215309,27.2946881279124,0.206245315538885,789,580.5
4759,188,0.0107342019787464,202,761,578,778,601,391,0.022324856243031,24.1660919471891,0.182604880320754,769.5,589.5
4762,35,0.00199838866625597,54,897,591,903,600,54,0.00308322822793778,10,0.0755624371204932,900,595.5
4787,123,0.00702290874141384,102,175,594,187,610,192,0.0109625892548899,18.0277563773199,0.136222120768481,181,602
4803,126,0.00719419919852149,142,435,585,450,601,240,0.0137032365686124,16.7630546142402,0.126665726023592,442.5,593
4814,88,0.00502452007515787,86,929,595,942,611,208,0.0118761383594641,17.8044938147649,0.134535094434038,935.5,603
4823,287,0.016386787063299,280,715,584,739,605,504,0.028776796794086,28.3196045170126,0.2139898335594,727,594.5
4825,97,0.00553839144648083,138,98,598,114,613,240,0.0137032365686124,20.5182845286832,0.155041158451901,106,605.5
4827,336,0.0191845311960573,320,456,576,485,606,870,0.0496742325612198,38.9486841883009,0.294305749990443,470.5,591
4832,244,0.0139316238447559,208,281,582,301,602,400,0.0228387276143539,24.7588368062799,0.187083804935108,291,592
4834,457,0.0260932462993994,382,575,575,600,610,875,0.0499597166563993,35.3553390593274,0.267153558454414,587.5,592.5
4842,107,0.00610935963683968,140,44,601,59,615,210,0.0119903319975358,15.6204993518133,0.11803230000621,51.5,608
4859,248,0.0141600111208994,238,360,592,383,615,529,0.0302042172699831,26.9072480941474,0.203317724219952,371.5,603.5
4870,342,0.0195271121102726,276,289,605,310,629,504,0.028776796794086,28.0178514522438,0.211709713861149,299.5,617
4884,348,0.0198696930244879,308,431,606,454,634,644,0.0367703514591099,29.1547594742265,0.220300467953434,442.5,620
4902,42,0.00239806639950716,72,162,609,176,615,84,0.00479613279901433,14.142135623731,0.106861423381766,169,612
4906,54,0.00308322822793778,60,67,601,73,612,66,0.0037683900563684,12.0830459735946,0.0913024401603768,70,606.5
4915,38,0.00216967912336362,62,649,610,655,620,60,0.00342580914215309,11.1803398874989,0.0844813729734881,652,615
4918,149,0.00850742603634685,176,869,609,885,629,320,0.0182709820914832,20.0997512422418,0.151878618937945,877,619
4919,42,0.00239806639950716,58,75,611,83,619,64,0.00365419641829663,11.3137084989848,0.0854891387054125,79,615
4934,206,0.0117619447213923,134,215,610,232,630,340,0.0194129184722009,21.6333076527839,0.163466544922177,223.5,620
4940,35,0.00199838866625597,44,472,612,481,618,54,0.00308322822793778,9.48683298050514,0.0716848220562041,476.5,615
4941,89,0.00508161689419375,86,485,612,495,624,120,0.00685161828430618,12.7279220613579,0.0961752810435891,490,618
4942,364,0.0207832421290621,298,623,589,649,617,728,0.0415664842581242,29.0688837074973,0.219651569731069,636,603
4955,52,0.00296903458986601,78,660,607,668,617,80,0.00456774552287079,10.816653826392,0.0817332724610885,664,612
4957,87,0.00496742325612198,106,953,611,967,623,168,0.00959226559802866,16.4012194668567,0.123931611466377,960,617
4966,40,0.00228387276143539,48,467,614,472,625,55,0.00314032504697367,11.0453610171873,0.0834614397334359,469.5,619.5
4974,168,0.00959226559802866,120,613,613,626,630,221,0.0126183970069306,19.1049731745428,0.14436183341901,619.5,621.5
4999,123,0.00702290874141384,154,498,605,514,624,304,0.017357432986909,19.6468827043885,0.148456633896406,506,614.5
5004,522,0.0298045395367319,448,667,597,695,635,1064,0.0607510154541815,42.5440947723653,0.321473548608516,681,616
5024,504,0.028776796794086,432,541,587,576,625,1330,0.0759387693177269,44.6878059430087,0.337671952662139,558.5,606
5033,47,0.00268355049468659,82,136,614,147,625,121,0.00690871510334207,11.7046999107196,0.0884435651017994,141.5,619.5
5039,53,0.0030261314089019,58,101,623,108,636,91,0.00519581053226552,14.7648230602334,0.111566601408409,104.5,629.5
5051,455,0.0259790526613276,454,394,624,426,664,1280,0.0730839283659326,47.169905660283,0.356427303043473,410,644
5062,60,0.00342580914215309,80,928,623,937,637,126,0.00719419919852149,14.8660687473185,0.112331638494818,932.5,630
5067,190,0.0108483956168181,198,381,611,401,630,380,0.0216967912336362,21.540659228538,0.162766470849038,391,620.5
5073,33,0.0018841950281842,44,573,626,579,635,54,0.00308322822793778,9.8488578017961,0.0744203698356897,576,630.5
5082,134,0.00765097375080857,130,483,626,494,645,209,0.0119332351784999,19.6977156035922,0.148840739671379,488.5,635.5
5105,122,0.00696581192237795,116,237,619,251,634,210,0.0119903319975358,17.4928556845359,0.132180280772061,244,626.5
5108,189,0.0107912987977822,158,456,630,472,648,288,0.0164438838823348,18.8679622641132,0.142570921217389,464,639
5110,82,0.00468193916094256,88,500,630,514,642,168,0.00959226559802866,17.2046505340853,0.130002532416188,507,636
5116,211,0.0120474288165717,222,164,617,179,647,450,0.0256935685661482,31.04834939252,0.23460889486674,171.5,632
5123,256,0.0146167856731865,206,530,626,551,649,483,0.0275777635943324,24.0416305603426,0.181664419749002,540.5,637.5
5124,208,0.0118761383594641,194,770,631,789,650,361,0.0206119516719544,21.9544984001001,0.165893540486954,779.5,640.5
5125,48,0.00274064731372247,74,899,629,910,637,88,0.00502452007515787,13.6014705087354,0.102776026006256,904.5,633
5144,167,0.00953516877899277,182,720,619,739,636,323,0.0184422725485908,21.4009345590327,0.16171067719367,729.5,627.5
5148,195,0.0111338797119975,278,851,629,872,652,483,0.0275777635943324,24.8394846967484,0.187693200050351,861.5,640.5
5158,118,0.00673742464623441,122,139,634,155,650,256,0.0146167856731865,17.8044938147649,0.134535094434038,147,642
5164,179,0.0102203306074234,178,576,618,591,640,330,0.018841950281842,22.3606797749979,0.168962745946976,583.5,629
5182,42,0.00239806639950716,76,951,636,961,647,110,0.00628065009394734,14.8660687473185,0.112331638494818,956,641.5
5188,63,0.00359709959926075,76,516,632,524,644,96,0.00548129462744495,12.6491106406735,0.0955797627416054,520,638
5194,244,0.0139316238447559,206,645,626,664,648,418,0.0238664703569999,24.8394846967484,0.187693200050351,654.5,637
5196,60,0.00342580914215309,72,100,639,109,651,108,0.00616645645587557,13.4164078649987,0.101377647568186,104.5,645
5217,186,0.0106200083406746,216,700,625,723,642,391,0.022324856243031,24.6981780704569,0.186625452743965,711.5,633.5
5222,92,0.00525290735130141,134,67,641,87,656,300,0.0171290457107655,21.2602916254693,0.160647944911287,77,648.5
5266,80,0.00456774552287079,92,879,639,895,648,144,0.00822194194116742,17,0.128456143104838,887,643.5
5290,136,0.00776516738888034,146,519,647,534,663,240,0.0137032365686124,18.0277563773199,0.136222120768481,526.5,655
5295,58,0.00331161550408132,106,45,647,59,659,168,0.00959226559802866,15.8113883008419,0.119474703427007,52,653
5298,385,0.0219822753288157,298,342,632,371,657,725,0.0413951938010165,30.8706980808663,0.233266518260119,356.5,644.5
5301,226,0.01290388110211,270,466,647,488,671,528,0.0301471204509472,24.738633753706,0.186931145746132,477,659
5306,137,0.00782226420791623,182,174,647,197,662,345,0.0196984025673803,23.0867927612304,0.174449432633433,185.5,654.5
5319,273,0.0155874315967966,224,302,638,328,661,598,0.0341438977834592,28.3019433961698,0.213856381826084,315,649.5
5322,120,0.00685161828430618,170,417,641,437,659,360,0.0205548548529186,24.0416305603426,0.181664419749002,427,650
5326,210,0.0119903319975358,180,675,636,693,655,342,0.0195271121102726,20.2484567313166,0.153002273854714,684,645.5
5328,119,0.0067945214652703,146,930,650,946,670,320,0.0182709820914832,22.4722050542442,0.169805458137016,938,660
5345,33,0.0018841950281842,58,139,653,150,659,66,0.0037683900563684,11.1803398874989,0.0844813729734881,144.5,656
5346,163,0.00930678150284923,156,151,653,169,672,342,0.0195271121102726,20.5182845286832,0.155041158451901,160,662.5
5356,226,0.01290388110211,226,552,637,575,656,437,0.0249513099186817,23.5372045918796,0.177852854196609,563.5,646.5
5372,172,0.0098206528741722,208,697,642,720,658,368,0.0210116294052056,24.5967477524977,0.185859020541674,708.5,650
5389,34,0.00194129184722009,72,908,654,916,665,88,0.00502452007515787,13.6014705087354,0.102776026006256,912,659.5
5417,145,0.00827903876020331,144,600,658,618,673,270,0.0154161411396889,21.2602916254693,0.160647944911287,609,665.5
5428,657,0.0375126101065764,594,209,634,256,673,1833,0.104658469292777,49.0407993409569,0.370564231653978,232.5,653.5
5436,60,0.00342580914215309,76,715,658,723,672,112,0.0063948437320191,14.3178210632764,0.108188945379629,719,665
5448,123,0.00702290874141384,156,868,654,887,669,285,0.0162725934252272,19.2353840616713,0.145347249864858,877.5,661.5
5452,296,0.0169006584346219,188,620,661,639,685,456,0.0260361494803635,25.0798724079689,0.189509628181714,629.5,673
5465,328,0.0187277566437702,358,720,644,745,675,775,0.0442500347528108,33.2415402771893,0.251181179698346,732.5,659.5
5468,196,0.0111909765310334,220,442,657,464,676,418,0.0238664703569999,24.0831891575846,0.181978446638093,453,666.5
5475,85,0.00485322961805021,84,683,659,695,670,132,0.0075367801127368,14.422205101856,0.108977696614785,689,664.5
5491,143,0.00816484512213154,134,57,666,72,685,285,0.0162725934252272,19.2353840616713,0.145347249864858,64.5,675.5
5507,74,0.00422516460865548,84,91,668,102,681,143,0.00816484512213154,15.8113883008419,0.119474703427007,96.5,674.5
5535,53,0.0030261314089019,58,304,671,311,681,70,0.00399677733251194,10.4403065089106,0.0788895004098229,307.5,676
5569,354,0.0202122739387032,362,421,672,449,702,840,0.0479613279901433,34.6554469023269,0.261865002743967,435,687
5589,410,0.0234096958047128,316,837,663,871,689,884,0.0504735880277222,34.3656805548792,0.259675457603101,854,676
5619,226,0.01290388110211,200,702,675,727,694,475,0.0271209890420453,28.3019433961698,0.213856381826084,714.5,684.5
5635,203,0.0115906542642846,200,769,677,788,697,380,0.0216967912336362,23.3452350598575,0.176402285627362,778.5,687
5644,173,0.00987774969320808,194,507,669,527,686,340,0.0194129184722009,21.9544984001001,0.165893540486954,517,677.5
5657,144,0.00822194194116742,152,226,681,243,698,289,0.0165009807013707,20,0.151124874240986,234.5,689.5
5659,133,0.00759387693177269,150,476,681,501,694,325,0.0185564661866626,25.9615099714943,0.19617149647741,488.5,687.5
5682,315,0.0179854979963037,266,651,681,678,703,594,0.0339155105073156,28.7923600977759,0.217562089943879,664.5,692
5699,348,0.0198696930244879,326,374,670,400,699,754,0.0430510015530572,33.0151480384384,0.249470504767827,387,684.5
5711,41,0.00234096958047128,62,317,689,325,697,64,0.00365419641829663,8.94427190999916,0.0675850983787905,321,693
5715,665,0.0379693846588634,658,562,652,599,702,1850,0.105629115216387,55.4616984954482,0.419082110515806,580.5,677
5720,32,0.00182709820914832,38,872,689,879,695,42,0.00239806639950716,7.81024967590665,0.0590161500031049,875.5,692
5729,360,0.0205548548529186,300,128,672,154,697,650,0.0371129323733252,30.0166620396073,0.226813213793492,141,684.5
5748,108,0.00616645645587557,116,85,695,103,710,270,0.0154161411396889,20.1246117974981,0.152066471352279,94,702.5
5777,215,0.0122758160927152,224,880,693,913,710,561,0.0320313154791314,35.4682957019364,0.268007086374863,896.5,701.5
5781,168,0.00959226559802866,180,113,690,139,714,624,0.0356284150783922,33.9411254969543,0.256467416116238,126,702
5799,97,0.00553839144648083,116,59,702,77,715,234,0.0133606556543971,18.2482875908947,0.137888508364365,68,708.5
5801,40,0.00228387276143539,68,322,702,330,710,64,0.00365419641829663,11.3137084989848,0.0854891387054125,326,706
5806,33,0.0018841950281842,50,479,702,487,707,40,0.00228387276143539,9.4339811320566,0.0712854606086946,483,704.5
5821,197,0.0112480733500693,202,162,688,184,712,528,0.0301471204509472,28.3019433961698,0.213856381826084,173,700
5851,207,0.0118190415404282,206,855,706,878,725,437,0.0249513099186817,24.1660919471891,0.182604880320754,866.5,715.5
5879,114,0.00650903737009088,118,37,706,55,720,252,0.014388398397043,20.2484567313166,0.153002273854714,46,713
5881,403,0.0230100180714616,298,452,682,474,719,814,0.0464768106952103,37.1214223865412,0.280498514490629,463,700.5
5905,158,0.00902129740766981,142,226,700,240,718,252,0.014388398397043,22.2036033111745,0.1677758379049,233,709
5907,383,0.0218680816907439,472,571,703,612,733,1230,0.0702290874141384,42.2018956920184,0.318887808959375,591.5,718
5909,54,0.00308322822793778,64,699,712,707,723,88,0.00502452007515787,12.5299640861417,0.0946794623381118,703,717.5
5917,107,0.00610935963683968,132,485,710,501,724,224,0.0127896874640382,17.8885438199983,0.135170196757581,493,717
5925,156,0.00890710376959804,186,167,713,188,727,294,0.0167864647965501,22.2036033111745,0.1677758379049,177.5,720
5956,86,0.0049103264370861,74,75,718,90,731,195,0.0111338797119975,17.0293863659264,0.12867819364759,82.5,724.5
5987,205,0.0117048479023564,178,541,703,563,723,440,0.0251226003757893,23.3238075793812,0.176240374362747,552,713
6018,115,0.00656613418912676,130,108,716,122,732,224,0.0127896874640382,18.8679622641132,0.142570921217389,115,724
6038,336,0.0191845311960573,324,381,714,405,739,600,0.0342580914215309,30.2324329156619,0.228443631118923,393,726.5
6043,206,0.0117619447213923,178,501,715,520,738,437,0.0249513099186817,24.6981780704569,0.186625452743965,510.5,726.5
6052,208,0.0118761383594641,244,443,722,462,744,418,0.0238664703569999,27.2029410174709,0.205552052012513,452.5,733
6063,722,0.0412239033439089,554,603,679,645,734,2310,0.131893651972894,66.2872536767062,0.500882643783629,624,706.5
6073,58,0.00331161550408132,90,561,722,572,733,121,0.00690871510334207,13.6014705087354,0.102776026006256,566.5,727.5
6090,128,0.00730839283659326,110,819,725,837,735,180,0.0102774274264593,18.4390889145858,0.139330249666757,828,730
6096,95,0.00542419780840906,100,94,733,109,745,180,0.0102774274264593,16.9705627484771,0.128233708058119,101.5,739
6110,53,0.0030261314089019,82,730,735,739,744,81,0.00462484234190667,11.3137084989848,0.0854891387054125,734.5,739.5
6117,135,0.00770807056984446,168,125,729,144,748,361,0.0206119516719544,22.6274169979695,0.170978277410825,134.5,738.5
6122,1760,0.100490401503157,1456,778,657,835,740,4731,0.270125050858771,85.375640553966,0.645119147098088,806.5,698.5
6149,60,0.00342580914215309,72,44,735,56,744,108,0.00616645645587557,13.4536240470737,0.101658862109976,50,739.5
6151,415,0.0236951798998922,420,471,716,499,755,1092,0.0623497263871863,42.9418211071678,0.324478865724983,485,735.5
6165,408,0.023295502166641,354,853,731,889,758,972,0.0554981081028801,36.0555127546399,0.272444241536962,871,744.5
6174,153,0.00873581331249038,164,582,730,598,749,304,0.017357432986909,21.2132034355964,0.160292135072649,590,739.5
6180,331,0.0188990471008779,300,559,745,577,784,702,0.0400819669631912,39.319206502675,0.297105506898607,568,764.5
6213,152,0.0086787164934545,156,816,751,837,765,294,0.0167864647965501,21.3775583264319,0.161534040683069,826.5,758
6220,697,0.0397964828680118,644,501,701,562,755,3294,0.188076921904205,71.7007670809734,0.541788470404718,531.5,728
6221,93,0.00531000417033729,104,662,751,675,762,143,0.00816484512213154,14.142135623731,0.106861423381766,668.5,756.5
6224,117,0.00668032782719853,118,111,745,123,762,204,0.0116477510833205,19.4164878389476,0.14671571414313,117,753.5
6225,651,0.0371700291923611,534,144,705,174,764,1770,0.101061369693516,61.6846820531645,0.466104490893986,159,734.5
6228,53,0.0030261314089019,84,425,750,437,759,108,0.00616645645587557,13.4164078649987,0.101377647568186,431,754.5
6241,169,0.00964936241706454,172,394,756,412,773,306,0.0174716266249808,18.9736659610103,0.143369644112408,403,764.5
6255,65,0.00371129323733252,98,868,752,882,762,140,0.00799355466502388,17.2046505340853,0.130002532416188,875,757
6267,769,0.0439074538385955,704,222,707,267,765,2610,0.149022697683659,65.8634952003004,0.497680621460861,244.5,736
6272,75,0.00428226142769136,78,915,759,929,769,140,0.00799355466502388,14.7648230602334,0.111566601408409,922,764
6275,190,0.0108483956168181,188,173,760,196,779,437,0.0249513099186817,23.5372045918796,0.177852854196609,184.5,769.5
6299,243,0.01387452702572,206,494,764,514,782,360,0.0205548548529186,23.6008474424119,0.17833375508576,504,773
6300,94,0.00536710098937318,146,546,758,559,774,208,0.0118761383594641,17.464249196573,0.131964123177267,552.5,766
6312,30,0.00171290457107655,44,63,768,71,776,64,0.00365419641829663,10,0.0755624371204932,67,772
6322,99,0.0056525850845526,116,46,771,61,786,225,0.0128467842830741,17.4928556845359,0.132180280772061,53.5,778.5
6324,213,0.0121616224546435,258,356,754,376,775,420,0.0239806639950716,24.0831891575846,0.181978446638093,366,764.5
6326,35,0.00199838866625597,58,459,771,466,781,70,0.00399677733251194,10.816653826392,0.0817332724610885,462.5,776
6366,128,0.00730839283659326,158,640,777,655,792,225,0.0128467842830741,17.4928556845359,0.132180280772061,647.5,784.5
6378,47,0.00268355049468659,68,394,779,402,789,80,0.00456774552287079,10.816653826392,0.0817332724610885,398,784
6387,85,0.00485322961805021,102,519,779,536,789,170,0.00970645923610043,19.2353840616713,0.145347249864858,527.5,784
6418,244,0.0139316238447559,230,773,772,796,793,483,0.0275777635943324,25.9422435421457,0.19602591464179,784.5,782.5
6432,194,0.0110767828929617,220,345,773,363,792,342,0.0195271121102726,22.8035085019828,0.17230886773077,354,782.5
6434,171,0.00976355605513631,158,424,787,444,803,320,0.0182709820914832,22.3606797749979,0.168962745946976,434,795
6437,115,0.00656613418912676,122,96,788,113,803,255,0.0145596888541506,18.0277563773199,0.136222120768481,104.5,795.5
6438,233,0.0133035588353612,264,201,776,226,798,550,0.0314032504697367,26.5706605111728,0.200774386412547,213.5,787
6441,85,0.00485322961805021,108,504,785,517,798,169,0.00964936241706454,15.6204993518133,0.11803230000621,510.5,791.5
6457,196,0.0111909765310334,234,796,784,815,807,437,0.0249513099186817,23.3452350598575,0.176402285627362,805.5,795.5
6489,92,0.00525290735130141,96,75,794,88,807,169,0.00964936241706454,16.4012194668567,0.123931611466377,81.5,800.5
6495,221,0.0126183970069306,200,483,785,501,809,432,0.0246658258235023,24.6981780704569,0.186625452743965,492,797
6515,96,0.00548129462744495,84,852,797,866,812,210,0.0119903319975358,18.4390889145858,0.139330249666757,859,804.5
6517,86,0.0049103264370861,78,447,797,460,808,143,0.00816484512213154,13.8924439894498,0.104974692540277,453.5,802.5
6523,758,0.0432793888292007,812,588,757,628,813,2240,0.127896874640382,61.8546683767685,0.467388948982852,608,785
6534,176,0.0100490401503157,192,464,801,485,820,399,0.0227816307953181,22.3606797749979,0.168962745946976,474.5,810.5
6541,121,0.00690871510334207,100,225,802,238,818,208,0.0118761383594641,17.464249196573,0.131964123177267,231.5,810
6557,103,0.00588097236069614,132,506,802,526,814,240,0.0137032365686124,20.3960780543711,0.154117736548809,516,808
6571,97,0.00553839144648083,86,835,805,847,820,180,0.0102774274264593,18.0277563773199,0.136222120768481,841,812.5
6580,181,0.0103345242454952,210,629,794,649,810,320,0.0182709820914832,20.6155281280883,0.155775954788443,639,802
6588,50,0.00285484095179424,84,451,807,459,819,96,0.00548129462744495,13,0.0982311682566411,455,813
6592,275,0.0157016252348683,248,783,806,807,827,504,0.028776796794086,24.3310501211929,0.18385134448582,795,816.5
6603,206,0.0117619447213923,154,241,809,259,827,324,0.0184993693676267,20.8086520466848,0.157235246183984,250,818
6608,147,0.00839323239827507,166,643,808,660,825,289,0.0165009807013707,18.8679622641132,0.142570921217389,651.5,816.5
6637,263,0.0150164634064377,274,533,791,557,815,576,0.0328877677646697,28.4253408071038,0.214788802736537,545,803
6653,262,0.0149593665874018,258,204,800,222,830,540,0.0308322822793778,31.3847096529504,0.2371505149696,213,815
6681,298,0.0170148520726937,268,329,808,353,831,552,0.0315174441078084,24.6981780704569,0.186625452743965,341,819.5
6694,41,0.00234096958047128,72,852,819,864,825,72,0.00411097097058371,12.369316876853,0.0934655728730659,858,822
6696,80,0.00456774552287079,92,494,817,508,827,140,0.00799355466502388,14.0356688476182,0.106056934474222,501,822
6703,221,0.0126183970069306,252,551,816,573,835,418,0.0238664703569999,24.1867732448956,0.182761153246505,562,825.5
6709,187,0.0106771051597105,204,521,818,539,843,450,0.0256935685661482,26.2488094968134,0.198342401709077,530,830.5
6758,77,0.00439645506576314,102,875,828,889,842,196,0.0111909765310334,17.8044938147649,0.134535094434038,882,835
6761,148,0.00845032921731096,188,495,826,519,844,432,0.0246658258235023,25.6320112359526,0.193681723728844,507,835
6764,266,0.0151877538635454,272,571,824,593,850,572,0.0326593804885261,28.2311884269862,0.213321740035094,582,837
6799,103,0.00588097236069614,158,351,824,364,841,221,0.0126183970069306,17.464249196573,0.131964123177267,357.5,832.5
6812,505,0.0288338936131219,468,637,825,672,861,1260,0.0719419919852149,40.2492235949962,0.304132942704557,654.5,843
6830,132,0.0075367801127368,148,224,837,246,849,264,0.0150735602254736,22.561028345357,0.17047662857197,235,843
6842,249,0.0142171079399353,296,398,835,418,858,460,0.026264536756507,25.5538646783613,0.193091229294427,408,846.5
6850,67,0.00382548687540429,88,127,839,138,850,121,0.00690871510334207,13.0384048104053,0.0985213643637786,132.5,844.5
6857,165,0.009420975140921,176,548,838,564,860,352,0.0200980803006315,22.8035085019828,0.17230886773077,556,849
6960,242,0.0138174302066841,222,834,841,855,863,462,0.0263787303945788,24.2074368738204,0.182917292662636,844.5,852
6966,116,0.00662323100816264,152,149,849,171,863,308,0.0175858202630525,22.2036033111745,0.1677758379049,160,856
7004,146,0.00833613557923919,148,95,847,114,864,323,0.0184422725485908,21.6333076527839,0.163466544922177,104.5,855.5
7034,45,0.00256935685661482,54,462,850,468,862,72,0.00411097097058371,12.0415945787923,0.0909892233190465,465,856
7046,64,0.00365419641829663,78,818,854,827,866,108,0.00616645645587557,12.5299640861417,0.0946794623381118,822.5,860
7056,77,0.00439645506576314,94,498,856,507,869,117,0.00668032782719853,13.4164078649987,0.101377647568186,502.5,862.5
7064,127,0.00725129601755738,136,64,857,87,870,299,0.0170719488917296,23.7697286480094,0.17960986263364,75.5,863.5
7066,109,0.00622355327491145,128,129,856,149,870,280,0.0159871093300478,21.095023109729,0.159399135728425,139,863
7087,234,0.0133606556543971,218,748,855,774,873,468,0.0267213113087941,26.1725046566048,0.197765823740052,761,864
7090,764,0.043621969743416,676,352,802,385,864,2046,0.11682009174742,64.0312423743285,0.483835672565726,368.5,833
7094,472,0.0269496985849377,474,251,824,279,869,1260,0.0719419919852149,45.8911756223351,0.34676490723482,265,846.5
7098,718,0.0409955160677653,636,454,820,491,870,1850,0.105629115216387,56.938563381947,0.430241661527959,472.5,845
7113,304,0.017357432986909,300,539,862,563,890,672,0.0383690623921146,32.2490309931942,0.243681537662007,551,876
7128,39,0.00222677594239951,54,893,861,902,868,63,0.00359709959926075,11.4017542509914,0.0861544338653852,897.5,864.5
7147,59,0.00336871232311721,78,872,864,883,874,110,0.00628065009394734,14.2126704035519,0.107394401368268,877.5,869
7148,686,0.039168417858617,698,174,833,220,880,2162,0.123443322755583,57.3846669416143,0.433612528745617,197,856.5
7161,339,0.019355821653165,272,622,850,648,874,624,0.0356284150783922,26.9258240356725,0.203458088561297,635,862
7174,40,0.00228387276143539,68,977,868,987,878,100,0.00570968190358849,14.142135623731,0.106861423381766,982,873
7175,82,0.00468193916094256,120,1040,870,1042,875,10,0.000570968190358849,21.6333076527839,0.163466544922177,1041,872.5
7181,142,0.00810774830309565,138,371,867,392,882,315,0.0179854979963037,22.4722050542442,0.169805458137016,381.5,874.5
7193,34,0.00194129184722009,52,119,870,127,878,64,0.00365419641829663,11.3137084989848,0.0854891387054125,123,874
7194,289,0.0165009807013707,352,283,835,304,873,798,0.0455632615906361,38.3275357934736,0.28961220133778,293.5,854
7225,126,0.00719419919852149,162,735,869,750,888,285,0.0162725934252272,19.2353840616713,0.145347249864858,742.5,878.5
7236,311,0.0177571107201602,288,511,852,534,876,552,0.0315174441078084,26.0768096208106,0.197042728727557,522.5,864
7241,114,0.00650903737009088,144,265,872,286,883,231,0.0131893651972894,21.3775583264319,0.161534040683069,275.5,877.5
7254,38,0.00216967912336362,58,161,875,173,880,60,0.00342580914215309,13,0.0982311682566411,167,877.5
7260,608,0.034714865973818,514,584,830,611,885,1485,0.084788776268289,55.7314991723711,0.421120790184311,597.5,857.5
7266,280,0.0159871093300478,248,498,874,521,895,483,0.0275777635943324,23.7697286480094,0.17960986263364,509.5,884.5
7292,149,0.00850742603634685,144,620,876,637,889,221,0.0126183970069306,18.8679622641132,0.142570921217389,628.5,882.5
7296,124,0.00708000556044972,106,67,878,85,890,216,0.0123329129117511,20,0.151124874240986,76,884
7304,414,0.0236380830808563,332,464,868,493,893,725,0.0413951938010165,31.3847096529504,0.2371505149696,478.5,880.5
7321,42,0.00239806639950716,58,204,879,212,888,72,0.00411097097058371,10.295630140987,0.0777962905144185,208,883.5
7330,92,0.00525290735130141,114,641,879,654,894,195,0.0111338797119975,16.1245154965971,0.121840768831004,647.5,886.5
7353,637,0.0363706737258587,580,778,841,814,889,1728,0.098663303294009,53.851648071345,0.406916177122594,796,865
7360,385,0.0219822753288157,402,334,869,369,898,1015,0.0579532713214231,38.8329756778952,0.29343142828626,351.5,883.5
7363,202,0.0115335574452487,216,432,872,455,893,483,0.0275777635943324,24.2074368738204,0.182917292662636,443.5,882.5
7365,75,0.00428226142769136,84,165,883,180,893,150,0.00856452285538273,17.2046505340853,0.130002532416188,172.5,888
7382,40,0.00228387276143539,60,648,889,656,899,80,0.00456774552287079,12.8062484748657,0.0967671345131451,652,894
7392,238,0.0135890429305406,214,136,885,163,908,621,0.0354571246212845,29.5296461204668,0.223133202816819,149.5,896.5
7402,135,0.00770807056984446,136,384,888,401,905,289,0.0165009807013707,19.2093727122985,0.145150701769718,392.5,896.5
7415,206,0.0117619447213923,178,684,882,701,902,340,0.0194129184722009,21.540659228538,0.162766470849038,692.5,892
7426,76,0.00433935824672725,120,268,896,282,907,154,0.00879291013152627,14.3178210632764,0.108188945379629,275,901.5
7435,342,0.0195271121102726,288,657,871,677,902,620,0.0354000278022486,32.0156211871642,0.241917836282863,667,886.5
7438,68,0.00388258369444017,96,195,898,211,907,144,0.00822194194116742,17.0880074906351,0.129121149152563,203,902.5
7456,107,0.00610935963683968,130,479,896,495,911,240,0.0137032365686124,17,0.128456143104838,487,903.5
7475,32,0.00182709820914832,58,121,902,132,907,55,0.00314032504697367,11,0.0831186808325425,126.5,904.5
7477,73,0.0041680677896196,90,232,903,249,912,153,0.00873581331249038,17.4928556845359,0.132180280772061,240.5,907.5
7479,817,0.0466481011523179,820,300,838,349,904,3234,0.184651112762052,70.2281994643178,0.530661390610796,324.5,871
7480,45,0.00256935685661482,68,415,900,426,911,121,0.00690871510334207,15.556349186104,0.117547565719942,420.5,905.5
7488,76,0.00433935824672725,104,420,904,431,918,154,0.00879291013152627,16.4012194668567,0.123931611466377,425.5,911
7506,221,0.0126183970069306,252,537,903,562,927,600,0.0342580914215309,25.9615099714943,0.19617149647741,549.5,915
7518,267,0.0152448506825813,258,563,890,587,913,552,0.0315174441078084,26.4196896272458,0.199633613620171,575,901.5
7548,42,0.00239806639950716,54,955,910,964,916,54,0.00308322822793778,9.21954445729289,0.0696651248333785,959.5,913
7552,122,0.00696581192237795,136,148,910,167,923,247,0.0141029143018636,19.9248588451713,0.150557089362296,157.5,916.5
7560,1912,0.109169117996612,1708,691,797,751,916,7140,0.407671287916218,119.104995697074,0.899986374809676,721,856.5
7561,65,0.00371129323733252,74,777,904,787,916,120,0.00685161828430618,12.6491106406735,0.0955797627416054,782,910
7568,49,0.00279774413275836,68,404,911,413,922,99,0.0056525850845526,11.4017542509914,0.0861544338653852,408.5,916.5
7593,165,0.009420975140921,158,455,905,471,924,304,0.017357432986909,20.2484567313166,0.153002273854714,463,914.5
7595,44,0.00251226003757893,60,474,914,483,922,72,0.00411097097058371,12.0415945787923,0.0909892233190465,478.5,918
7598,261,0.0149022697683659,282,742,898,767,921,575,0.0328306709456338,27.2029410174709,0.205552052012513,754.5,909.5
7605,90,0.00513871371322964,122,218,914,237,927,247,0.0141029143018636,19.9248588451713,0.150557089362296,227.5,920.5
7612,165,0.009420975140921,210,509,908,530,927,399,0.0227816307953181,21.8403296678416,0.165030853721712,519.5,917.5
7617,40,0.00228387276143539,54,943,913,953,920,70,0.00399677733251194,10.295630140987,0.0777962905144185,948,916.5
7619,248,0.0141600111208994,300,356,907,383,928,567,0.0323738963933467,27.8926513619627,0.210763671466215,369.5,917.5
7621,60,0.00342580914215309,70,482,917,493,926,99,0.0056525850845526,11.6619037896906,0.0881201871813737,487.5,921.5
7643,241,0.0137603333876483,264,676,904,695,927,437,0.0249513099186817,25.0599281722833,0.189358924676224,685.5,915.5
7646,128,0.00730839283659326,140,280,912,296,929,272,0.0155303347777607,19.2353840616713,0.145347249864858,288,920.5
7652,96,0.00548129462744495,112,564,917,580,929,192,0.0109625892548899,16.9705627484771,0.128233708058119,572,923
7661,114,0.00650903737009088,138,384,920,405,932,252,0.014388398397043,21.2132034355964,0.160292135072649,394.5,926
7668,169,0.00964936241706454,162,647,921,664,940,323,0.0184422725485908,20,0.151124874240986,655.5,930.5
7674,131,0.00747968329370092,134,180,909,197,926,289,0.0165009807013707,18.6010752377383,0.140554257802516,188.5,917.5
7684,191,0.010905492435854,200,723,913,744,932,399,0.0227816307953181,22.1359436211787,0.167264584797809,733.5,922.5
7691,138,0.00787936102695211,158,89,919,110,934,315,0.0179854979963037,21.3775583264319,0.161534040683069,99.5,926.5
7697,167,0.00953516877899277,194,331,925,354,945,460,0.026264536756507,23.5372045918796,0.177852854196609,342.5,935
7710,34,0.00194129184722009,64,881,926,888,935,63,0.00359709959926075,11.4017542509914,0.0861544338653852,884.5,930.5
7712,171,0.00976355605513631,176,164,926,184,949,460,0.026264536756507,23.0867927612304,0.174449432633433,174,937.5
7729,31,0.00177000139011243,54,974,927,980,936,54,0.00308322822793778,10,0.0755624371204932,977,931.5
7738,180,0.0102774274264593,198,196,920,222,939,494,0.0282058286037271,26.3058928759318,0.198773737633603,209,929.5
7744,129,0.00736548965562915,158,498,930,519,943,273,0.0155874315967966,21.540659228538,0.162766470849038,508.5,936.5
7754,111,0.00633774691298322,140,408,930,427,943,247,0.0141029143018636,19.4164878389476,0.14671571414313,417.5,936.5
7763,53,0.0030261314089019,84,69,933,82,942,117,0.00668032782719853,13.6014705087354,0.102776026006256,75.5,937.5
7778,117,0.00668032782719853,134,792,934,811,949,285,0.0162725934252272,21.4009345590327,0.16171067719367,801.5,941.5
7786,204,0.0116477510833205,184,297,925,317,947,440,0.0251226003757893,22.8473193175917,0.172639912930735,307,936
7792,65,0.00371129323733252,78,721,936,731,946,100,0.00570968190358849,12.2065556157337,0.0922357091171681,726,941
7825,149,0.00850742603634685,172,736,941,757,960,399,0.0227816307953181,21.5870331449229,0.163116883463124,746.5,950.5
7831,204,0.0116477510833205,186,685,938,711,955,442,0.0252367940138611,26.8328157299975,0.202755295136371,698,946.5
7840,157,0.00896420058863392,176,361,931,381,948,340,0.0194129184722009,21.6333076527839,0.163466544922177,371,939.5
7864,164,0.00936387832188512,180,474,933,492,949,288,0.0164438838823348,20,0.151124874240986,483,941
7870,97,0.00553839144648083,120,251,943,271,955,240,0.0137032365686124,20.8806130178211,0.157779000819646,261,949
7872,183,0.0104487178835669,184,518,943,540,959,352,0.0200980803006315,23.4093998214393,0.176887130203599,529,951
7875,89,0.00508161689419375,102,761,947,775,960,182,0.010391621064531,16.2788205960997,0.123006735768857,768,953.5
7887,67,0.00382548687540429,108,779,949,795,957,128,0.00730839283659326,16.1245154965971,0.121840768831004,787,953
7920,223,0.0127325906450023,222,314,941,334,964,460,0.026264536756507,23.7697286480094,0.17960986263364,324,952.5
7939,106,0.0060522628178038,152,351,956,369,970,252,0.014388398397043,18.2482875908947,0.137888508364365,360,963
7971,81,0.00462484234190667,88,572,958,586,970,168,0.00959226559802866,17.0293863659264,0.12867819364759,579,964
7973,218,0.0124471065498229,202,593,953,614,971,378,0.0215825975955645,24.7588368062799,0.187083804935108,603.5,962
7981,87,0.00496742325612198,116,235,958,254,968,190,0.0108483956168181,19.6977156035922,0.148840739671379,244.5,963
7982,192,0.0109625892548899,198,285,950,309,967,408,0.023295502166641,25.0798724079689,0.189509628181714,297,958.5
7992,102,0.00582387554166026,116,501,961,519,971,180,0.0102774274264593,19.313207915828,0.145935305873476,510,966
8001,127,0.00725129601755738,126,424,957,441,971,238,0.0135890429305406,18.0277563773199,0.136222120768481,432.5,964
8008,188,0.0107342019787464,166,543,961,564,976,315,0.0179854979963037,24.4131112314674,0.184471418234336,553.5,968.5
8018,67,0.00382548687540429,70,658,964,667,975,99,0.0056525850845526,12.0830459735946,0.0913024401603768,662.5,969.5
8019,49,0.00279774413275836,72,696,964,707,975,121,0.00690871510334207,13.6014705087354,0.102776026006256,701.5,969.5
8030,306,0.0174716266249808,266,205,954,233,983,812,0.0463626170571385,32.2024843762092,0.243329820080097,219,968.5
8044,89,0.00508161689419375,114,701,958,714,972,182,0.010391621064531,14.560219778561,0.110020569147808,707.5,965
8045,176,0.0100490401503157,190,780,967,799,989,418,0.0238664703569999,23.259406699226,0.175753745617024,789.5,978
8053,71,0.00405387415154783,90,324,969,337,981,156,0.00890710376959804,14.422205101856,0.108977696614785,330.5,975
8069,47,0.00268355049468659,74,67,973,80,980,91,0.00519581053226552,13.1529464379659,0.0993868688168014,73.5,976.5
8077,295,0.016843561615586,208,401,968,427,988,520,0.0296903458986601,28.3019433961698,0.213856381826084,414,978
8082,59,0.00336871232311721,96,139,975,151,986,132,0.0075367801127368,14.422205101856,0.108977696614785,145,980.5
8088,35,0.00199838866625597,56,258,974,271,979,65,0.00371129323733252,13.1529464379659,0.0993868688168014,264.5,976.5
8091,129,0.00736548965562915,114,633,972,649,986,224,0.0127896874640382,17.2046505340853,0.130002532416188,641,979
8114,101,0.00576677872262437,108,481,982,500,990,152,0.0086787164934545,19.4164878389476,0.14671571414313,490.5,986
8119,183,0.0104487178835669,216,523,982,550,997,405,0.0231242117095334,29.1547594742265,0.220300467953434,536.5,989.5
8135,110,0.00628065009394734,112,316,984,331,999,225,0.0128467842830741,18.4390889145858,0.139330249666757,323.5,991.5
8142,109,0.00622355327491145,116,706,982,720,995,182,0.010391621064531,17.8044938147649,0.134535094434038,713,988.5
8146,42,0.00239806639950716,58,405,985,416,992,77,0.00439645506576314,11.1803398874989,0.0844813729734881,410.5,988.5
8151,91,0.00519581053226552,94,809,979,825,992,208,0.0118761383594641,17.464249196573,0.131964123177267,817,985.5
8155,96,0.00548129462744495,100,357,984,374,998,238,0.0135890429305406,18.7882942280559,0.14196893012088,365.5,991
8169,84,0.00479613279901433,110,425,987,438,1003,208,0.0118761383594641,16.7630546142402,0.126665726023592,431.5,995
8193,106,0.0060522628178038,116,223,990,238,1006,240,0.0137032365686124,19.2093727122985,0.145150701769718,230.5,998
8201,75,0.00428226142769136,104,656,982,670,994,168,0.00959226559802866,15.8113883008419,0.119474703427007,663,988
8206,57,0.00325451868504544,82,263,993,276,1003,130,0.00742258647466503,14.422205101856,0.108977696614785,269.5,998
8228,72,0.00411097097058371,104,339,994,356,1004,170,0.00970645923610043,17.464249196573,0.131964123177267,347.5,999
8249,69,0.00393968051347606,94,551,996,564,1007,143,0.00816484512213154,15.2643375224737,0.115341054422791,557.5,1001.5
8254,178,0.0101632337883875,218,707,993,736,1013,580,0.0331161550408132,33.6154726279432,0.254006703672462,721.5,1003
8267,40,0.00228387276143539,58,300,1003,312,1010,84,0.00479613279901433,12.369316876853,0.0934655728730659,306,1006.5
8276,93,0.00531000417033729,128,395,1003,414,1017,266,0.0151877538635454,19.4164878389476,0.14671571414313,404.5,1010
8286,106,0.0060522628178038,90,763,1001,777,1013,168,0.00959226559802866,16.1245154965971,0.121840768831004,770,1007
8292,53,0.0030261314089019,70,363,1007,377,1014,98,0.00559548826551672,14.3178210632764,0.108188945379629,370,1010.5
8302,124,0.00708000556044972,110,610,1002,628,1012,180,0.0102774274264593,18.2482875908947,0.137888508364365,619,1007
8311,102,0.00582387554166026,130,642,995,658,1012,272,0.0155303347777607,17.7200451466693,0.13389697971675,650,1003.5
8319,100,0.00570968190358849,118,630,1010,646,1022,192,0.0109625892548899,16.7630546142402,0.126665726023592,638,1016
8322,42,0.00239806639950716,54,426,1009,439,1014,65,0.00371129323733252,13.0384048104053,0.0985213643637786,432.5,1011.5
8353,65,0.00371129323733252,110,650,1015,662,1030,180,0.0102774274264593,16.6433169770932,0.125760959255804,656,1022.5
8372,173,0.00987774969320808,142,679,1011,701,1025,308,0.0175858202630525,22.561028345357,0.17047662857197,690,1018
8379,41,0.00234096958047128,60,560,1018,570,1025,70,0.00399677733251194,10.770329614269,0.0813832354245188,565,1021.5
8381,62,0.00354000278022486,72,877,1014,885,1026,96,0.00548129462744495,12.6491106406735,0.0955797627416054,881,1020
8388,53,0.0030261314089019,72,613,1019,624,1029,110,0.00628065009394734,13.4536240470737,0.101658862109976,618.5,1024
8411,294,0.0167864647965501,332,503,984,525,1025,902,0.0515013307703681,43.0116263352131,0.325006331040469,514,1004.5
